Workbook

Sheet رئيسي
B1: حسابات الورشة - معمل
B2: الحساب | C2: ذهب | D2: دولار | F2: الحساب | G2: ذهب | H2: دولار
B3: ماكينات | D3: =ماكينات!H569 -> 306778 | F3: Paid from Ahmad | G3: =Ahmad!B767 -> -20000 | H3: =Ahmad!H569 -> -239039
B4: مصاريف تأسيس الورشة | D4: ='تأسيس ورشة'!H570 -> 163070.56 | F4: Paid from Mazen | G4: =Mzen!B769 -> 0 | H4: =Mzen!H571 -> -239792.56
B7: خزنة رئيسية | C7: ='خزنة رئيسية'!C18 -> 0 | D7: =دولار!H927 -> 39173 | F7: اجور مستلمة عن 21 | H7: ='مشغول 21'!H106 -> -1589
B8: تحت التصنيع | C8: ='تحت التصنيع'!B769 -> 11574.486 | D8: ='تحت التصنيع'!N571 -> 0 | F8: اجور مستلمة عن 18 | H8: ='مشغول 18'!H613 -> -160727
B9: مشغول 18 | C9: ='مشغول 18 (2)'!C1158 -> 4710.4078 | F9: profit | G9: =Pro!B767 -> -151.39 | H9: =Pro!H569 -> -213
B10: مشغول 21 | C10: ='مشغول 21 (2)'!C769 -> 105.59352
B11: كسر 18 | C11: ='كسر 18'!C770 -> 363.3104
B12: كسر21 | C12: ='كسر 21'!C770 -> 52.1076
B13: رملة | C13: =رملة!B1264 -> 458.65
B14: كسر 22 | C14: ='كسر 22 '!C769 -> 13.2132
B15: كسر صب 18 | C15: ='صب 18'!B1266 -> 588.9128
B17: SILVER $ | D17: =silver!H582 -> 14745
B18: شمع | D18: =شمع!H582 -> 0
B19: ALLOY سحب | D19: =ALLOY!H582 -> 381
B20: ALLOY صب | D20: ='ALLOY (2)'!H582 -> 0
B22: =زبائن!A1 -> زبائن ورشة | C22: =زبائن!B836 -> 1725.624 | D22: =زبائن!H638 -> 36559
B24: مصاريف تشغيلية | D24: ='مصاريف تشغيلية'!H582 -> 66978
B25: مصاريف شهرية | D25: ='مصاريف اخرى'!H795 -> 81510
B27: بورصة | D27: 10000
B28: متاجرة | C28: =Trading!B767 -> 559.08 | D28: =Trading!H569 -> -77834
B29: المجموع | C29: =SUM(C22,C28,C14,C13,C12,C11,C10,C8,C9,C15) -> 20151.385 | D29: =SUM(D3:D28) -> 641360.56 | F29: المجموع | G29: =SUM(G3:G28) -> -20151.39 | H29: =SUM(H3:H28) -> -641360.56
D32: =C29+G29 -> -0.0049206031 | F32: الفرق ذهب
D33: =D29+H29 -> 0 | F33: الفرق دولار
E135: تسليم ناتو للسحب
A136: 46212 | C136: 98.91 | E136: ف 002841 // مارك
K431: هاروت اوهانيان
K432: مانو
K433: كيفو
K434: كوكو
K435: عبد الستار
K436: رازميك
K437: مريم
K438: رافي
K439: ميهير

Sheet ماكينات
A1: قيمة ماكينات
A2: دهب 995 | D2: =A1 -> قيمة ماكينات | G2: حساب دولار $ | J2: =A1 -> قيمة ماكينات
A3: من تاريخ :
A4: إلى تاريخ : | G4: إلى تاريخ :
A5: التاريخ | B5: مدفوع له | C5: مستلم منه | D5: الرصيد | E5: البيان | G5: التاريخ | H5: لنا | I5: علينا | J5: الرصيد | K5: البيان
D6: =B6-C6 -> 0 | G6: 45931 | H6: 3500 | J6: =H6-I6 -> 3500 | K6: دفعة الى Gold Makina
D7: =D6+B7-C7 -> 0 | G7: 45932 | H7: 2000 | J7: =J6+H7-I7 -> 5500 | K7: دفعة الى عباس - من اصل 8.000$
D8: =D7+B8-C8 -> 0 | G8: 45947 | H8: 23400 | J8: =J7+H8-I8 -> 28900 | K8: مدفوع من احمد 20.000 يورو × 1.17 / ايطاليا
D9: =D8+B9-C9 -> 0 | G9: 45958 | H9: 17010 | J9: =J8+H9-I9 -> 45910 | K9: مدفوع من احمد تسكير حساب - كيومجي كينت Gold Makina
D10: =D9+B10-C10 -> 0 | G10: 46074 | H10: 8130 | J10: =J9+H10-I10 -> 54040 | K10: قوالب ستيل اقلام و مكنات و ايماي
D11: =D10+B11-C11 -> 0 | G11: 46074 | H11: 12000 | J11: =J10+H11-I11 -> 66040 | K11: مكنات نزار دمغة
D12: =D11+B12-C12 -> 0 | G12: 46074 | H12: 6520 | J12: =J11+H12-I12 -> 72560 | K12: مكينات سحب
D13: =D12+B13-C13 -> 0 | G13: 46074 | H13: 8500 | J13: =J12+H13-I13 -> 81060 | K13: مكنات نقش و زخرفة
D14: =D13+B14-C14 -> 0 | G14: 46134 | H14: 6870 | J14: =J13+H14-I14 -> 87930 | K14: مكينات
D15: =D14+B15-C15 -> 0 | G15: 46134 | H15: 3000 | J15: =J14+H15-I15 -> 90930 | K15: مكينات
D16: =D15+B16-C16 -> 0 | G16: 46134 | H16: 53100 | J16: =J15+H16-I16 -> 144030 | K16: مكينات
D17: =D16+B17-C17 -> 0 | H17: 10000 | J17: =J16+H17-I17 -> 154030 | K17: مكينات
D18: =D17+B18-C18 -> 0 | G18: 46148 | H18: 4500 | J18: =J17+H18-I18 -> 158530 | K18: مدفوع من صندوق علي ) دفعة من ماكينات النقش
D19: =D18+B19-C19 -> 0 | G19: 46150 | H19: 10072 | J19: =J18+H19-I19 -> 168602 | K19: مكنات
D20: =D19+B20-C20 -> 0 | G20: 46150 | I20: =3200+4200 -> 7400 | J20: =J19+H20-I20 -> 161202 | K20: اعادة لحساب احمد
D21: =D20+B21-C21 -> 0 | G21: 46150 | H21: 74736 | J21: =J20+H21-I21 -> 235938 | K21: مازن ماكينات
D22: =D21+B22-C22 -> 0 | G22: 46252 | H22: 59020 | J22: =J21+H22-I22 -> 294958 | K22: مكنات ايطاليا
D23: =D22+B23-C23 -> 0 | G23: 46273 | H23: 5000 | J23: =J22+H23-I23 -> 299958 | K23: ثمن موتير 11300
D24: =D23+B24-C24 -> 0 | G24: 46287 | H24: 6820 | J24: =J23+H24-I24 -> 306778 | K24: ثمن المولد نقل على المكينات
D25: =D24+B25-C25 -> 0 | J25: =J24+H25-I25 -> 306778
D26: =D25+B26-C26 -> 0 | J26: =J25+H26-I26 -> 306778
D27: =D26+B27-C27 -> 0 | J27: =J26+H27-I27 -> 306778
D28: =D27+B28-C28 -> 0 | J28: =J27+H28-I28 -> 306778
D29: =D28+B29-C29 -> 0 | J29: =J28+H29-I29 -> 306778
D30: =D29+B30-C30 -> 0 | J30: =J29+H30-I30 -> 306778
D31: =D30+B31-C31 -> 0 | J31: =J30+H31-I31 -> 306778
D32: =D31+B32-C32 -> 0 | J32: =J31+H32-I32 -> 306778
D33: =D32+B33-C33 -> 0 | J33: =J32+H33-I33 -> 306778
D34: =D33+B34-C34 -> 0 | J34: =J33+H34-I34 -> 306778
D35: =D34+B35-C35 -> 0 | J35: =J34+H35-I35 -> 306778
D36: =D35+B36-C36 -> 0 | J36: =J35+H36-I36 -> 306778
... D567: =D566+B567-C567 -> 0 | J567: =J566+H567-I567 -> 306778
D568: =D567+B568-C568 -> 0 | G568: المجموع | H568: =SUM(H6:H567) -> 314178 | I568: =SUM(I6:I567) -> 7400 | J568: =H568-I568 -> 306778
D569: =D568+B569-C569 -> 0 | G569: الرصيد | H569: =H568-I568 -> 306778 | I569: لنا معكم دولار
D570: =D569+B570-C570 -> 0
D571: =D570+B571-C571 -> 0
D572: =D571+B572-C572 -> 0
D573: =D572+B573-C573 -> 0
D574: =D573+B574-C574 -> 0
D575: =D574+B575-C575 -> 0
D576: =D575+B576-C576 -> 0
D577: =D576+B577-C577 -> 0
D578: =D577+B578-C578 -> 0
D579: =D578+B579-C579 -> 0
D580: =D579+B580-C580 -> 0
D581: =D580+B581-C581 -> 0
... D765: =D764+B765-C765 -> 0
A766: المجموع | B766: =SUM(B6:B765) -> 0 | C766: =SUM(C6:C765) -> 0 | D766: =B766-C766 -> 0
A767: الرصيد | B767: =B766-C766 -> 0
J768: =H569 -> 306778 | K768: الرصيد دولار
J769: =B767 -> 0 | K769: gold

Sheet مصاريف اخرى
A1: مصاريف اخرى
A2: دهب 995 | D2: =A1 -> مصاريف اخرى | G2: حساب دولار $ | J2: =A1 -> مصاريف اخرى
A3: من تاريخ :
A4: إلى تاريخ : | G4: إلى تاريخ :
A5: التاريخ | B5: مدفوع له | C5: مستلم منه | D5: الرصيد | E5: البيان | G5: التاريخ | H5: مدفوع | I5: مرتجع مصروف | J5: رصيد المصروف | K5: البيان
D6: =B6-C6 -> 0 | G6: . | H6: 12000 | J6: =H6-I6 -> 12000 | K6: مدفوع من مازن اجار الورشة 1/9 لغاية 1/9/26
D7: =D6+B7-C7 -> 0 | G7: 46164 | H7: 700 | J7: =J6+H7-I7 -> 12700 | K7: ناتو / فتوح / جهاد
D8: =D7+B8-C8 -> 0 | G8: 46168 | H8: 30 | J8: =J7+H8-I8 -> 12730 | K8: مخرطة بيد جهاد
D9: =D8+B9-C9 -> 0 | G9: 46168 | H9: 250 | J9: =J8+H9-I9 -> 12980 | K9: جهاد معاش
D10: =D9+B10-C10 -> 0 | G10: 46168 | H10: 120 | J10: =J9+H10-I10 -> 13100 | K10: مصروف فاتورة سيتي ستار
D11: =D10+B11-C11 -> 0 | G11: 46174 | H11: 3650 | J11: =J10+H11-I11 -> 16750 | K11: معاشات
D12: =#REF!+B12-C12 -> #REF! | G12: 46174 | H12: 124 | J12: =J11+H12-I12 -> 16874 | K12: مازن غراض قاروط
D13: =D12+B13-C13 -> #REF! | G13: 46174 | H13: 100 | J13: =J12+H13-I13 -> 16974 | K13: علي غراض قاروط
D14: =D13+B14-C14 -> #REF! | G14: 46174 | H14: 12 | J14: =J13+H14-I14 -> 16986 | K14: فاتورة habtraco brass 6mm
D15: =D14+B15-C15 -> #REF! | G15: 46175 | H15: 10 | J15: =J14+H15-I15 -> 16996 | K15: مياه
D16: =D15+B16-C16 -> #REF! | G16: 46176 | H16: 200 | J16: =J15+H16-I16 -> 17196 | K16: تكملة معاش ناتو
D17: =D16+B17-C17 -> #REF! | G17: 46177 | H17: 165 | J17: =J16+H17-I17 -> 17361 | K17: شراء حجار صمباط
D18: =D17+B18-C18 -> #REF! | G18: 46181 | H18: 120 | J18: =J17+H18-I18 -> 17481 | K18: فتوح
D19: =D18+B19-C19 -> #REF! | G19: 46181 | H19: 50 | J19: =J18+H19-I19 -> 17531 | K19: شراء حجار صمباط
D20: =D19+B20-C20 -> #REF! | G20: 46182 | H20: 400 | J20: =J19+H20-I20 -> 17931 | K20: هوفيغ
D21: =D20+B21-C21 -> #REF! | G21: 46182 | H21: 1225 | J21: =J20+H21-I21 -> 19156 | K21: سفرة مازن و علي
D22: =D21+B22-C22 -> #REF! | G22: 46183 | H22: 67 | J22: =J21+H22-I22 -> 19223 | K22: هاروط
D23: =D22+B23-C23 -> #REF! | G23: 46183 | H23: 20 | J23: =J22+H23-I23 -> 19243 | K23: رصور 2.14
D24: =D23+B24-C24 -> #REF! | G24: 46184 | H24: 200 | J24: =J23+H24-I24 -> 19443 | K24: ناتو سحب عالمعاش
D25: =#REF!+B25-C25 -> #REF! | G25: 46184 | H25: 165 | J25: =J24+H25-I25 -> 19608 | K25: هاروط
D26: =D25+B26-C26 -> #REF! | G26: 46184 | H26: 40 | J26: =J25+H26-I26 -> 19648 | K26: هاروط
D27: =D26+B27-C27 -> #REF! | G27: 46184 | H27: 100 | J27: =J26+H27-I27 -> 19748 | K27: فتوح سحب عالمعاش
D28: =D27+B28-C28 -> #REF! | G28: 46185 | H28: 130 | J28: =J27+H28-I28 -> 19878 | K28: سلفة vicken
D29: =D28+B29-C29 -> #REF! | G29: 46185 | H29: 200 | J29: =J28+H29-I29 -> 20078 | K29: سلفة هاروط
D30: =D29+B30-C30 -> #REF! | G30: 46189 | H30: 6 | J30: =J29+H30-I30 -> 20084 | K30: مياه
G31: 46189 | H31: 160 | J31: =J30+H31-I31 -> 20244 | K31: غراض بيد مازن
D32: =D30+B32-C32 -> #REF! | G32: 46189 | H32: 70 | J32: =J31+H32-I32 -> 20314 | K32: احمد اغا
D33: =D32+B33-C33 -> #REF! | G33: 46189 | H33: 250 | J33: =J32+H33-I33 -> 20564 | K33: سلفة vicken
D34: =D33+B34-C34 -> #REF! | G34: 46189 | H34: 100 | J34: =J33+H34-I34 -> 20664 | K34: سلفة فتوح
D35: =D34+B35-C35 -> #REF! | G35: 46190 | H35: 200 | J35: =J34+H35-I35 -> 20864 | K35: بيد هاروط
D36: =D35+B36-C36 -> #REF! | G36: 46190 | H36: 200 | J36: =J35+H36-I36 -> 21064 | K36: سلفة هاروط
D37: =D36+B37-C37 -> #REF! | G37: 46195 | H37: 1571 | J37: =J36+H37-I37 -> 22635 | K37: بلدية
D38: =D37+B38-C38 -> #REF! | G38: 46195 | H38: 65 | J38: =J37+H38-I38 -> 22700 | K38: ارغون
D39: =D38+B39-C39 -> #REF! | G39: 46196 | H39: 16 | J39: =J38+H39-I39 -> 22716 | K39: غراض بيد مازن
G40: 46196 | H40: 150 | J40: =J39+H40-I40 -> 22866 | K40: ف 948
D41: =D39+B41-C41 -> #REF! | G41: 46196 | H41: 200 | J41: =J40+H41-I41 -> 23066 | K41: سلفة هوفيغ
D42: =D41+B42-C42 -> #REF! | G42: 46197 | H42: 50 | J42: =J41+H42-I42 -> 23116 | K42: ريزك
D43: =D42+B43-C43 -> #REF! | G43: 46197 | H43: 20 | J43: =J42+H43-I43 -> 23136 | K43: قالب كوتشوك سيلكون
D44: =D43+B44-C44 -> #REF! | G44: 46198 | H44: 1310 | J44: =J43+H44-I44 -> 24446 | K44: اشتراك
D45: =D44+B45-C45 -> #REF! | G45: 46198 | H45: 6 | J45: =J44+H45-I45 -> 24452 | K45: كبايات
D46: =D45+B46-C46 -> #REF! | G46: 46198 | H46: 15 | J46: =J45+H46-I46 -> 24467 | K46: غاز
D47: =D46+B47-C47 -> #REF! | G47: 46198 | H47: 3 | J47: =J46+H47-I47 -> 24470 | K47: تلزيق
D48: =D47+B48-C48 -> #REF! | G48: 46198 | H48: 28 | J48: =J47+H48-I48 -> 24498 | K48: تلزيق مالكس
D49: =D48+B49-C49 -> #REF! | G49: 46198 | H49: 200 | J49: =J48+H49-I49 -> 24698 | K49: سلفة vicken
D50: =D49+B50-C50 -> #REF! | G50: 46202 | H50: 11 | J50: =J49+H50-I50 -> 24709
D51: =D50+B51-C51 -> #REF! | G51: 46202 | H51: 100 | J51: =J50+H51-I51 -> 24809 | K51: سلفة فتوح
D52: =D51+B52-C52 -> #REF! | G52: 46203 | H52: 119 | J52: =J51+H52-I52 -> 24928 | K52: اجور شحن
D53: =D52+B53-C53 -> #REF! | G53: 46203 | H53: 60 | J53: =J52+H53-I53 -> 24988 | K53: لمبات
D54: =D53+B54-C54 -> #REF! | G54: 46203 | H54: 6520 | J54: =J53+H54-I54 -> 31508 | K54: معاشات
D55: =#REF!+B55-C55 -> #REF! | G55: 46204 | H55: 20 | J55: =J54+H55-I55 -> 31528 | K55: شراء فلاتر
D56: =D55+B56-C56 -> #REF! | G56: 46204 | H56: 200 | J56: =J55+H56-I56 -> 31728 | K56: معاش ميمي
D57: =D56+B57-C57 -> #REF! | G57: 46204 | H57: 65 | J57: =J56+H57-I57 -> 31793 | K57: بودقة
D58: =D57+B58-C58 -> #REF! | G58: 46205 | H58: 162 | J58: =J57+H58-I58 -> 31955 | K58: شراء غراض فاهي
D59: =D58+B59-C59 -> #REF! | G59: 46206 | H59: 400 | J59: =J58+H59-I59 -> 32355 | K59: سلفة vicken
D60: =D59+B60-C60 -> #REF! | G60: 46206 | H60: 200 | J60: =J59+H60-I60 -> 32555 | K60: سلفة هوفيغ
D61: =#REF!+B61-C61 -> #REF! | G61: 46210 | H61: 15 | J61: =J60+H61-I61 -> 32570 | K61: سبيرتو
D62: =D61+B62-C62 -> #REF! | G62: 46210 | H62: 5 | J62: =J61+H62-I62 -> 32575 | K62: مياه
D63: =D62+B63-C63 -> #REF! | G63: 46211 | H63: 50 | J63: =J62+H63-I63 -> 32625 | K63: رسم
D64: =D63+B64-C64 -> #REF! | G64: 46211 | H64: 100 | J64: =J63+H64-I64 -> 32725 | K64: سلفة فتوح
D65: =D64+B65-C65 -> #REF! | G65: 46212 | H65: 50 | J65: =J64+H65-I65 -> 32775 | K65: غراض علا
G66: 46213 | H66: 30 | J66: =J65+H66-I66 -> 32805 | K66: غراض هاروط
G67: 46213 | H67: 200 | J67: =J66+H67-I67 -> 33005 | K67: سلفة هاروط
G68: 46213 | H68: 1150 | J68: =J67+H68-I68 -> 34155 | K68: مجموع سلف
G69: 46216 | H69: 15 | J69: =J68+H69-I69 -> 34170 | K69: ارغون
G70: 46216 | H70: 100 | J70: =J69+H70-I70 -> 34270 | K70: viken
G71: 46216 | H71: 302 | J71: =J70+H71-I71 -> 34572 | K71: مازوت
G72: 46216 | H72: 30 | J72: =J71+H72-I72 -> 34602 | K72: فلاتر
G73: 46216 | H73: 600 | J73: =J72+H73-I73 -> 35202 | K73: فريزات
G74: 46217 | H74: 20 | J74: =J73+H74-I74 -> 35222 | K74: سيانور
G75: 46217 | H75: 13 | J75: =J74+H75-I75 -> 35235 | K75: مياه
G76: 46217 | H76: 100 | J76: =J75+H76-I76 -> 35335 | K76: سلفة فتوح
D77: =D65+B77-C77 -> #REF! | G77: 46218 | H77: 8 | J77: =J76+H77-I77 -> 35343 | K77: غراض
D78: =#REF!+B78-C78 -> #REF! | G78: 46219 | H78: 1103 | J78: =J77+H78-I78 -> 36446 | K78: اشتراك + غراض
D79: =D78+B79-C79 -> #REF! | G79: 46219 | H79: 2 | J79: =J78+H79-I79 -> 36448 | K79: غراض
G80: 46220 | H80: 73 | J80: =J79+H80-I80 -> 36521 | K80: غراض
G81: 46220 | H81: 9 | J81: =J80+H81-I81 -> 36530 | K81: غراض
G82: 46220 | H82: 310 | J82: =J81+H82-I82 -> 36840 | K82: سلفة هوفيغ
G83: 46220 | H83: 200 | J83: =J82+H83-I83 -> 37040 | K83: سلفة ميهير
G84: 46220 | H84: 150 | J84: =J83+H84-I84 -> 37190 | K84: سلفة رازميك
G85: 46220 | H85: 100 | J85: =J84+H85-I85 -> 37290 | K85: سلفة VICKEN
G86: 46220 | H86: 200 | J86: =J85+H86-I86 -> 37490 | K86: سلفة عبد الستار
G87: 46220 | H87: 100 | J87: =J86+H87-I87 -> 37590 | K87: سلفة فتوح
G88: 46220 | H88: 300 | J88: =J87+H88-I88 -> 37890 | K88: سلفة هاروت
G89: 46223 | H89: 65 | J89: =J88+H89-I89 -> 37955 | K89: بودقة
G90: 46223 | H90: 22 | J90: =J89+H90-I90 -> 37977 | K90: كياس
G91: 46223 | H91: 50 | J91: =J90+H91-I91 -> 38027 | K91: فارس
... G103: 46226 | H103: 200 | J103: =J102+H103-I103 -> 39461 | K103: مصطفى
G104: 46227 | H104: 9 | J104: =J103+H104-I104 -> 39470
G105: 46227 | H105: 150 | J105: =J104+H105-I105 -> 39620 | K105: سلفة ميهير
G106: 46227 | H106: 200 | J106: =J105+H106-I106 -> 39820 | K106: سلفة رازميك
G107: 46227 | H107: 100 | J107: =J106+H107-I107 -> 39920 | K107: سلفة فتوح
G108: 46227 | H108: 200 | J108: =J107+H108-I108 -> 40120 | K108: سلفة هوفيغ
G109: 46227 | H109: 200 | J109: =J108+H109-I109 -> 40320 | K109: سلفة هاروت
G110: 46227 | H110: 200 | J110: =J109+H110-I110 -> 40520 | K110: مصطفى
G111: 46227 | H111: 100 | J111: =J110+H111-I111 -> 40620 | K111: عبد الستار
...

Sheet مصاريف تشغيلية
A1: مصاريف تشغيلية
A2: دهب 995 | D2: =A1 -> مصاريف تشغيلية | G2: حساب دولار $ | J2: =A1 -> مصاريف تشغيلية
A3: من تاريخ :
A4: إلى تاريخ : | G4: إلى تاريخ :
A5: التاريخ | B5: مدفوع له | C5: مستلم منه | D5: الرصيد | E5: البيان | G5: التاريخ | H5: مدفوع | I5: مرتجع مصروف | J5: رصيد المصروف | K5: البيان
D6: =B6-C6 -> 0 | J6: =H6-I6 -> 0
D7: =D6+B7-C7 -> 0 | H7: 24000 | J7: =J6+H7-I7 -> 24000 | K7: شمع
D8: =D7+B8-C8 -> 0 | H8: 27000 | J8: =J7+H8-I8 -> 51000 | K8: شمع
D9: =D8+B9-C9 -> 0 | H9: 3000 | J9: =J8+H9-I9 -> 54000 | K9: شمع
D10: =D9+B10-C10 -> 0 | G10: 46164 | H10: 2310 | J10: =J9+H10-I10 -> 56310 | K10: من تاريخ 8/5/2026 لغاية 22/5/2026 على الغروب
D11: =D10+B11-C11 -> 0 | G11: 46167 | H11: 49.5 | J11: =J10+H11-I11 -> 56359.5 | K11: شراء عدة هاروت ف // 768
D12: =D11+B12-C12 -> 0 | G12: 46167 | H12: 5.5 | J12: =J11+H12-I12 -> 56365 | K12: شراء عدة هاروت ف // مكتبة حسون
D13: =D12+B13-C13 -> 0 | G13: 46167 | H13: 10 | J13: =J12+H13-I13 -> 56375 | K13: شمع من الرضوان
D14: =D13+B14-C14 -> 0 | G14: 46167 | H14: 300 | J14: =J13+H14-I14 -> 56675 | K14: شراء اللوي سحب
G15: 46174 | H15: 12 | J15: =J14+H15-I15 -> 56687 | K15: قوالب سليكون
G16: 46174 | H16: 385 | J16: =J15+H16-I16 -> 57072 | K16: سلندر جفصين
D17: =D14+B17-C17 -> 0 | G17: 46175 | H17: 2600 | J17: =J16+H17-I17 -> 59672 | K17: مدفوع قولب غورميت
D18: =D17+B18-C18 -> 0 | G18: 46175 | H18: 625 | J18: =J17+H18-I18 -> 60297 | K18: مجموع فواتير مشتريات هاروط
D19: =D18+B19-C19 -> 0 | G19: 46176 | H19: 181 | J19: =J18+H19-I19 -> 60478 | K19: مجموع فواتير مشتريات هاروط
D20: =D19+B20-C20 -> 0 | G20: 46177 | H20: 115 | J20: =J19+H20-I20 -> 60593 | K20: قوالب سليكون
D21: =D20+B21-C21 -> 0 | G21: 46178 | H21: 150 | J21: =J20+H21-I21 -> 60743 | K21: شراء زيكزيك
D22: =D21+B22-C22 -> 0 | G22: 46178 | H22: 73 | J22: =J21+H22-I22 -> 60816 | K22: شراء فريزات
D23: =D22+B23-C23 -> 0 | G23: 46178 | H23: 17 | J23: =J22+H23-I23 -> 60833 | K23: شراء زيركون
D24: =D23+B24-C24 -> 0 | G24: 46182 | H24: 5430 | J24: =J23+H24-I24 -> 66263 | K24: مدفوع مسجل على حساب مازن
G25: 46184 | H25: 70 | J25: =J24+H25-I25 -> 66333 | K25: بلكسي للميزان
D26: =D24+B26-C26 -> 0 | G26: 46185 | H26: 2100 | J26: =J25+H26-I26 -> 68433 | K26: احمد اغا
D27: =D26+B27-C27 -> 0 | G27: 46189 | H27: 280 | J27: =J26+H27-I27 -> 68713 | K27: شحن مكنة النقش
G28: 46196 | H28: 140 | J28: =J27+H28-I28 -> 68853 | K28: هاروت غراض
D29: =D27+B29-C29 -> 0 | G29: 46206 | H29: 4700 | J29: =J28+H29-I29 -> 73553 | K29: ميزان عدد 2 بوغوصيان
D30: =D29+B30-C30 -> 0 | G30: 46206 | H30: 500 | J30: =J29+H30-I30 -> 74053 | K30: نجار
G31: 46209 | H31: 779 | J31: =J30+H31-I31 -> 74832 | K31: هاروت غراض
D32: =D30+B32-C32 -> 0 | G32: 46211 | H32: 60 | J32: =J31+H32-I32 -> 74892 | K32: قوالب سليكون
G33: 46213 | H33: 20 | J33: =J32+H33-I33 -> 74912 | K33: زيركون
D34: =D32+B34-C34 -> 0 | G34: 46218 | H34: 237 | J34: =J33+H34-I34 -> 75149 | K34: غراض
G35: 46219 | H35: 1250 | J35: =J34+H35-I35 -> 76399 | K35: شمع مصطفى
D36: =D34+B36-C36 -> 0 | G36: 46219 | H36: 30 | J36: =J35+H36-I36 -> 76429 | K36: حبال
D37: =D36+B37-C37 -> 0 | G37: 46220 | H37: 38 | J37: =J36+H37-I37 -> 76467 | K37: بوغوصيان
G38: 46224 | H38: 14 | J38: =J37+H38-I38 -> 76481 | K38: قوالب سليكون
G39: 46226 | H39: 20 | J39: =J38+H39-I39 -> 76501 | K39: فليارات
D40: =D37+B40-C40 -> 0 | G40: 46234 | H40: 355 | J40: =J39+H40-I40 -> 76856 | K40: ميكروسكوب
D41: =D40+B41-C41 -> 0 | G41: 46234 | H41: 5000 | J41: =J40+H41-I41 -> 81856 | K41: شمع عبادة
G42: 46238 | H42: 40 | J42: =J41+H42-I42 -> 81896 | K42: سلندر جفصين
D43: =D41+B43-C43 -> 0 | G43: 46245 | H43: 530 | J43: =J42+H43-I43 -> 82426 | K43: ياغيك
D44: =D43+B44-C44 -> 0 | G44: 46245 | H44: 5820 | J44: =J43+H44-I44 -> 88246 | K44: موتير كهربا
G45: 46246 | H45: 624 | J45: =J44+H45-I45 -> 88870 | K45: بوغوصيان
G46: 46248 | H46: 104 | J46: =J45+H46-I46 -> 88974 | K46: بوغوصيان
D47: =D44+B47-C47 -> 0 | G47: 46248 | H47: 1000 | J47: =J46+H47-I47 -> 89974 | K47: موتير كهربا
D48: =#REF!+B48-C48 -> #REF! | G48: 46248 | H48: 25 | J48: =J47+H48-I48 -> 89999 | K48: مماسك نقش
D49: =D48+B49-C49 -> #REF! | G49: 46248 | H49: 600 | J49: =J48+H49-I49 -> 90599 | K49: شراء غراض فاهي
D50: =D49+B50-C50 -> #REF! | G50: 46249 | H50: 6000 | J50: =J49+H50-I50 -> 96599 | K50: شمع عبادة
D51: =D50+B51-C51 -> #REF! | G51: 46251 | H51: 16000 | J51: =J50+H51-I51 -> 112599 | K51: شمع عبادة
D52: =D51+B52-C52 -> #REF! | G52: 46251 | H52: 55 | J52: =J51+H52-I52 -> 112654 | K52: زيركون
D53: =D52+B53-C53 -> #REF! | G53: 46251 | H53: 37 | J53: =J52+H53-I53 -> 112691 | K53: فاتورة قاروط
G54: 46252 | H54: 70 | J54: =J53+H54-I54 -> 112761 | K54: كومبيوتر
D55: =D53+B55-C55 -> #REF! | G55: 46255 | H55: 264 | J55: =J54+H55-I55 -> 113025 | K55: بوغوصيان
D56: =D55+B56-C56 -> #REF! | G56: 46255 | H56: 8 | J56: =J55+H56-I56 -> 113033 | K56: غراض
G57: 46260 | H57: 21 | J57: =J56+H57-I57 -> 113054 | K57: قوالب سليكون
D58: =D56+B58-C58 -> #REF! | G58: 46260 | H58: 70 | J58: =J57+H58-I58 -> 113124 | K58: ساعة ارغون
D59: =D58+B59-C59 -> #REF! | G59: 46267 | H59: 240 | J59: =J58+H59-I59 -> 113364 | K59: تركيب برادي
D60: =D59+B60-C60 -> #REF! | G60: 46268 | H60: 53 | J60: =J59+H60-I60 -> 113417 | K60: بوغوصيان
D61: =D60+B61-C61 -> #REF! | G61: 46269 | H61: 258 | J61: =J60+H61-I61 -> 113675 | K61: بوغوصيان
D62: =D61+B62-C62 -> #REF! | I62: 54000 | J62: =J61+H62-I62 -> 59675
D63: =D62+B63-C63 -> #REF! | I63: 2310 | J63: =J62+H63-I63 -> 57365
D64: =D63+B64-C64 -> #REF! | G64: 46280 | H64: 48 | J64: =J63+H64-I64 -> 57413 | K64: ديسك كوتشوك
D65: =D64+B65-C65 -> #REF! | G65: 46282 | H65: 16385 | J65: =J64+H65-I65 -> 73798 | K65: 8000 فضة
D66: =D65+B66-C66 -> #REF! | G66: 46287 | I66: 6820 | J66: =J65+H66-I66 -> 66978 | K66: ثمن المولد نقل على المكينات
D67: =D66+B67-C67 -> #REF! | J67: =J66+H67-I67 -> 66978
D68: =D67+B68-C68 -> #REF! | J68: =J67+H68-I68 -> 66978
D69: =D68+B69-C69 -> #REF! | J69: =J68+H69-I69 -> 66978
D70: =D69+B70-C70 -> #REF! | J70: =J69+H70-I70 -> 66978
D71: =D70+B71-C71 -> #REF! | J71: =J70+H71-I71 -> 66978
D72: =D71+B72-C72 -> #REF! | J72: =J71+H72-I72 -> 66978
D73: =D72+B73-C73 -> #REF! | J73: =J72+H73-I73 -> 66978
D74: =D73+B74-C74 -> #REF! | J74: =J73+H74-I74 -> 66978
D75: =D74+B75-C75 -> #REF! | J75: =J74+H75-I75 -> 66978
D76: =D75+B76-C76 -> #REF! | J76: =J75+H76-I76 -> 66978
D77: =D76+B77-C77 -> #REF! | J77: =J76+H77-I77 -> 66978
D78: =D77+B78-C78 -> #REF! | J78: =J77+H78-I78 -> 66978
... D580: =D579+B580-C580 -> #REF! | J580: =J579+H580-I580 -> 66978
D581: =D580+B581-C581 -> #REF! | G581: المجموع | H581: =SUM(H6:H580) -> 130108 | I581: =SUM(I6:I580) -> 63130 | J581: =H581-I581 -> 66978
D582: =D581+B582-C582 -> #REF! | G582: الرصيد | H582: =H581-I581 -> 66978
D583: =D582+B583-C583 -> #REF!
D584: =D583+B584-C584 -> #REF!
D585: =D584+B585-C585 -> #REF!
D586: =D585+B586-C586 -> #REF!
D587: =D586+B587-C587 -> #REF!
D588: =D587+B588-C588 -> #REF!
D589: =D588+B589-C589 -> #REF!
D590: =D589+B590-C590 -> #REF!
D591: =D590+B591-C591 -> #REF!
D592: =D591+B592-C592 -> #REF!
D593: =D592+B593-C593 -> #REF!
D594: =D593+B594-C594 -> #REF!
... D778: =D777+B778-C778 -> #REF!
A779: المجموع | B779: =SUM(B6:B778) -> 0 | C779: =SUM(C6:C778) -> 0 | D779: =B779-C779 -> 0
A780: الرصيد | B780: =B779-C779 -> 0
J781: =H582 -> 66978 | K781: الرصيد

Sheet Cash
A1: خزنة - Cash
A2: دهب 995 | D2: =A1 -> خزنة - Cash | G2: حساب دولار $ | J2: =A1 -> خزنة - Cash
A3: من تاريخ :
A4: إلى تاريخ : | G4: إلى تاريخ :
A5: التاريخ | B5: مدفوع له | C5: مستلم منه | D5: الرصيد | E5: البيان | G5: التاريخ | H5: لنا | I5: علينا | J5: الرصيد | K5: البيان
D6: =B6-C6 -> 0 | G6: 45931 | H6: 10000 | J6: =H6-I6 -> 10000 | K6: مستلم من احمد دفعة في استانبول
D7: =D6+B7-C7 -> 0 | G7: 45932 | I7: 3500 | J7: =J6+H7-I7 -> 6500 | K7: دفعة الى Gold Makina
D8: =D7+B8-C8 -> 0 | G8: 45932 | I8: 2000 | J8: =J7+H8-I8 -> 4500 | K8: دفعة الى عباس - من اصل 8.000$
D9: =D8+B9-C9 -> 0 | I9: 4500 | J9: =J8+H9-I9 -> 0 | K9: مستلم دفعة لماكينات النقش
D10: =D9+B10-C10 -> 0 | J10: =J9+H10-I10 -> 0
D11: =D10+B11-C11 -> 0 | J11: =J10+H11-I11 -> 0
D12: =D11+B12-C12 -> 0 | J12: =J11+H12-I12 -> 0
D13: =D12+B13-C13 -> 0 | J13: =J12+H13-I13 -> 0
D14: =D13+B14-C14 -> 0 | J14: =J13+H14-I14 -> 0
D15: =D14+B15-C15 -> 0 | J15: =J14+H15-I15 -> 0
D16: =D15+B16-C16 -> 0 | J16: =J15+H16-I16 -> 0
D17: =D16+B17-C17 -> 0 | J17: =J16+H17-I17 -> 0
D18: =D17+B18-C18 -> 0 | J18: =J17+H18-I18 -> 0
D19: =D18+B19-C19 -> 0 | J19: =J18+H19-I19 -> 0
D20: =D19+B20-C20 -> 0 | J20: =J19+H20-I20 -> 0
D21: =D20+B21-C21 -> 0 | J21: =J20+H21-I21 -> 0
... D567: =D566+B567-C567 -> 0 | J567: =J566+H567-I567 -> 0
D568: =D567+B568-C568 -> 0 | G568: المجموع | H568: =SUM(H6:H567) -> 10000 | I568: =SUM(I6:I567) -> 10000 | J568: =H568-I568 -> 0
D569: =D568+B569-C569 -> 0 | G569: الرصيد | H569: =H568-I568 -> 0
D570: =D569+B570-C570 -> 0
D571: =D570+B571-C571 -> 0
D572: =D571+B572-C572 -> 0
D573: =D572+B573-C573 -> 0
D574: =D573+B574-C574 -> 0
D575: =D574+B575-C575 -> 0
D576: =D575+B576-C576 -> 0
D577: =D576+B577-C577 -> 0
D578: =D577+B578-C578 -> 0
D579: =D578+B579-C579 -> 0
D580: =D579+B580-C580 -> 0
D581: =D580+B581-C581 -> 0
... D765: =D764+B765-C765 -> 0
A766: المجموع | B766: =SUM(B6:B765) -> 0 | C766: =SUM(C6:C765) -> 0 | D766: =B766-C766 -> 0
A767: الرصيد | B767: =B766-C766 -> 0
J768: =H569 -> 0 | K768: الرصيد

Sheet تأسيس ورشة
A1: مصروف تأسيس ورشة
A2: دهب 995 | D2: =A1 -> مصروف تأسيس ورشة | G2: حساب دولار $ | J2: =A1 -> مصروف تأسيس ورشة
A3: من تاريخ :
A4: إلى تاريخ : | G4: إلى تاريخ :
A5: التاريخ | B5: مدفوع له | C5: مستلم منه | D5: الرصيد | E5: البيان | G5: التاريخ | H5: مدفوع | I5: مرتجع مصروف | J5: رصيد المصروف | K5: البيان
D6: =B6-C6 -> 0 | G6: 45905 | H6: 1000 | J6: =H6-I6 -> 1000 | K6: دفعة بيد احمد اغا
D7: =D6+B7-C7 -> 0 | G7: 45911 | H7: 3000 | J7: =J6+H7-I7 -> 4000 | K7: دفعة بيد احمد اغا
D8: =D7+B8-C8 -> 0 | G8: 45919 | H8: 3000 | J8: =J7+H8-I8 -> 7000 | K8: دفعة بيد احمد اغا
D9: =D8+B9-C9 -> 0 | G9: 45938 | H9: 3000 | J9: =J8+H9-I9 -> 10000 | K9: دفعة بيد احمد اغا
D10: =D9+B10-C10 -> 0 | G10: 45940 | H10: 3000 | J10: =J9+H10-I10 -> 13000 | K10: دفعة بيد فارتان - الحداد
D11: =D10+B11-C11 -> 0 | G11: 45943 | H11: 465 | J11: =J10+H11-I11 -> 13465 | K11: دفعة بيد قاسم - زجاج
D12: =D11+B12-C12 -> 0 | G12: 45946 | H12: 1500 | J12: =J11+H12-I12 -> 14965 | K12: دفعة بيد محمد علوية من اصل 2750$
D13: =D12+B13-C13 -> 0 | G13: 45951 | H13: 3000 | J13: =J12+H13-I13 -> 17965 | K13: دفعة بيد احمد اغا
D14: =D13+B14-C14 -> 0 | G14: 45961 | H14: 3000 | J14: =J13+H14-I14 -> 20965 | K14: دفعة بيد احمد اغا
D15: =D14+B15-C15 -> 0 | J15: =J14+H15-I15 -> 20965
D16: =D15+B16-C16 -> 0 | H16: 1250 | J16: =J15+H16-I16 -> 22215 | K16: المنيوم
D17: =D16+B17-C17 -> 0 | H17: 850 | J17: =J16+H17-I17 -> 23065 | K17: بلانكو 1 طن
D18: =D17+B18-C18 -> 0 | H18: 477 | J18: =J17+H18-I18 -> 23542 | K18: axial fan
D19: =D18+B19-C19 -> 0 | H19: 300 | J19: =J18+H19-I19 -> 23842 | K19: خزنة من اصل 800
D20: =D19+B20-C20 -> 0 | H20: 5300 | J20: =J19+H20-I20 -> 29142 | K20: 10 مكيفات
D21: =D20+B21-C21 -> 0 | H21: 800 | J21: =J20+H21-I21 -> 29942 | K21: خزنةتسكير حساب
D22: =D21+B22-C22 -> 0 | H22: 1100 | J22: =J21+H22-I22 -> 31042 | K22: طاولات عدد 7
D23: =D22+B23-C23 -> 0 | H23: 410 | J23: =J22+H23-I23 -> 31452 | K23: ونش لنقل الخزنة
D24: =D23+B24-C24 -> 0 | J24: =J23+H24-I24 -> 31452
D25: =D24+B25-C25 -> 0 | H25: 300 | J25: =J24+H25-I25 -> 31752 | K25: جهاد ياسو
D26: =D25+B26-C26 -> 0 | H26: 1000 | J26: =J25+H26-I26 -> 32752 | K26: نجار مصطفى
D27: =D26+B27-C27 -> 0 | H27: 32.56 | J27: =J26+H27-I27 -> 32784.56 | K27: مفتا ح شق 2361 فاتورة
D28: =D27+B28-C28 -> 0 | H28: 280 | J28: =J27+H28-I28 -> 33064.56 | K28: ثمن عدة
D29: =D28+B29-C29 -> 0 | H29: 100 | J29: =J28+H29-I29 -> 33164.56 | K29: ونش لنق لمكنة
D30: =D29+B30-C30 -> 0 | H30: 109 | J30: =J29+H30-I30 -> 33273.56 | K30: عدة +غاز
D31: =D30+B31-C31 -> 0 | H31: 2100 | J31: =J30+H31-I31 -> 35373.56 | K31: خارتان الحداد
D32: =D31+B32-C32 -> 0 | H32: 60 | J32: =J31+H32-I32 -> 35433.56 | K32: مقص وزرديات و قضيب لحام
D33: =D32+B33-C33 -> 0 | H33: 230 | J33: =J32+H33-I33 -> 35663.56 | K33: نقل مكينات
D34: =D33+B34-C34 -> 0 | H34: 70 | J34: =J33+H34-I34 -> 35733.56 | K34: فليارات لمكنات السحب
D35: =D34+B35-C35 -> 0 | H35: 2310 | J35: =J34+H35-I35 -> 38043.56 | K35: جهاد ياسو
D36: =D35+B36-C36 -> 0 | H36: 800 | J36: =J35+H36-I36 -> 38843.56 | K36: كاتب عدل تاسيس شركة اورا غولد
... D49: =D48+B49-C49 -> 0 | H49: 20 | J49: =J48+H49-I49 -> 58128.56 | K49: صحون للشمع
D50: =D49+B50-C50 -> 0 | H50: =39513-2726+54-210+1 -> 36632 | J50: =J49+H50-I50 -> 94760.56 | K50: مصاريف متنوعة من مازن لغاية اول انتاج
D51: =D50+B51-C51 -> 0 | H51: 54000 | J51: =J50+H51-I51 -> 148760.56
D52: =D51+B52-C52 -> 0 | H52: 12000 | J52: =J51+H52-I52 -> 160760.56
D53: =D52+B53-C53 -> 0 | H53: 2310 | J53: =J52+H53-I53 -> 163070.56
D54: =D53+B54-C54 -> 0 | J54: =J53+H54-I54 -> 163070.56
D55: =D54+B55-C55 -> 0 | J55: =J54+H55-I55 -> 163070.56
D56: =D55+B56-C56 -> 0 | J56: =J55+H56-I56 -> 163070.56
D57: =D56+B57-C57 -> 0 | J57: =J56+H57-I57 -> 163070.56
D58: =D57+B58-C58 -> 0 | J58: =J57+H58-I58 -> 163070.56
D59: =D58+B59-C59 -> 0 | J59: =J58+H59-I59 -> 163070.56
D60: =D59+B60-C60 -> 0 | J60: =J59+H60-I60 -> 163070.56
D61: =D60+B61-C61 -> 0 | J61: =J60+H61-I61 -> 163070.56
D62: =D61+B62-C62 -> 0 | J62: =J61+H62-I62 -> 163070.56
D63: =D62+B63-C63 -> 0 | J63: =J62+H63-I63 -> 163070.56
D64: =D63+B64-C64 -> 0 | J64: =J63+H64-I64 -> 163070.56
D65: =D64+B65-C65 -> 0 | J65: =J64+H65-I65 -> 163070.56
... D568: =D567+B568-C568 -> 0 | J568: =J567+H568-I568 -> 163070.56
D569: =D568+B569-C569 -> 0 | G569: المجموع | H569: =SUM(H6:H568) -> 163070.56 | I569: =SUM(I6:I568) -> 0 | J569: =H569-I569 -> 163070.56
D570: =D569+B570-C570 -> 0 | G570: الرصيد | H570: =H569-I569 -> 163070.56
D571: =D570+B571-C571 -> 0
D572: =D571+B572-C572 -> 0
D573: =D572+B573-C573 -> 0
D574: =D573+B574-C574 -> 0
D575: =D574+B575-C575 -> 0
D576: =D575+B576-C576 -> 0
D577: =D576+B577-C577 -> 0
D578: =D577+B578-C578 -> 0
D579: =D578+B579-C579 -> 0
D580: =D579+B580-C580 -> 0
D581: =D580+B581-C581 -> 0
D582: =D581+B582-C582 -> 0
... D766: =D765+B766-C766 -> 0
A767: المجموع | B767: =SUM(B6:B766) -> 0 | C767: =SUM(C6:C766) -> 0 | D767: =B767-C767 -> 0
A768: الرصيد | B768: =B767-C767 -> 0
J769: =H570 -> 163070.56 | K769: الرصيد لنا معكم
J770: =B768 -> 0 | K770: رصيد ذهب صفر

Sheet Pro
A1: Pro
A2: دهب 995 | D2: =A1 -> Pro | G2: حساب دولار $ | J2: =A1 -> Pro
A3: من تاريخ :
A4: إلى تاريخ : | G4: إلى تاريخ :
A5: التاريخ | B5: خسارة | C5: ربح | D5: الرصيد | E5: البيان | G5: التاريخ | H5: مدفوع | I5: مستلم | J5: الرصيد | K5: البيان
A6: 46161 | C6: 0.39 | D6: =B6-C6 -> -0.39 | E6: تسليم محمد محابس 18 // 193.64 غ | I6: 3 | J6: =H6-I6 -> -3
A7: 46164 | C7: 0.08 | D7: =D6+B7-C7 -> -0.47 | E7: تسليم الزاوية مشغول 18 // 32.34 غ | G7: 46185 | I7: 215 | J7: =J6+H7-I7 -> -218 | K7: ربح مبيع مشغول 18
A8: 46167 | B8: 0.22 | C8: 0.13 | D8: =D7+B8-C8 -> -0.38 | E8: تسليم وسيم تميمي مشغول 18 // 70.51 غ | H8: 5 | J8: =J7+H8-I8 -> -213 | K8: ف 4453
A9: 46168 | C9: 0.08 | D9: =D8+B9-C9 -> -0.46 | E9: تسليم احمد كنجو مشغول 18 | J9: =J8+H9-I9 -> -213
A10: 46168 | C10: 0.08 | D10: =D9+B10-C10 -> -0.54 | E10: تسليم محمد عيساوي مشغول 18 | J10: =J9+H10-I10 -> -213
A11: 46168 | C11: 1.89 | D11: =D10+B11-C11 -> -2.43 | E11: فرق صب شجر 2362.32 // 18 // | J11: =J10+H11-I11 -> -213
A12: 46176 | B12: 0.16 | D12: =D11+B12-C12 -> -2.27 | E12: فرق كادر ليرة من مازن | J12: =J11+H12-I12 -> -213
A13: 46177 | C13: 0.83 | D13: =D12+B13-C13 -> -3.1 | E13: فرق صب سبيكة 915.81 | J13: =J12+H13-I13 -> -213
A14: 46177 | C14: 0.23 | D14: =D13+B14-C14 -> -3.33 | E14: فاتورة 002803 محمد سعيفان | J14: =J13+H14-I14 -> -213
A15: 46177 | C15: 0.06 | D15: =D14+B15-C15 -> -3.39 | E15: فاتورة 002804 محمد سعيفان | J15: =J14+H15-I15 -> -213
A16: 46177 | C16: 0.24 | D16: =D15+B16-C16 -> -3.63 | E16: فاتورة 002805 محمد عمار | J16: =J15+H16-I16 -> -213
A17: 46178 | B17: 11.46 | D17: =D16+B17-C17 -> 7.83 | E17: فرق المشغول 750 / 748 | J17: =J16+H17-I17 -> -213
A18: 46181 | C18: 0.08 | D18: =D17+B18-C18 -> 7.75 | E18: تسليم مازن بلاك // 38.53 // 18 | J18: =J17+H18-I18 -> -213
A19: 46182 | B19: 0.26 | D19: =D18+B19-C19 -> 8.01 | E19: فرق مستلم محابس من عيسى | J19: =J18+H19-I19 -> -213
A20: 46182 | B20: 0.16 | D20: =D19+B20-C20 -> 8.17 | E20: فرق مستلم سنسال فورسا | J20: =J19+H20-I20 -> -213
A21: 46182 | B21: 0.06 | D21: =D20+B21-C21 -> 8.23 | E21: فرق مستلم سنسال فورسا | J21: =J20+H21-I21 -> -213
A22: 46183 | C22: 0.05 | D22: =D21+B22-C22 -> 8.18 | J22: =J21+H22-I22 -> -213
A23: 46184 | B23: 0.07 | C23: 0.23 | D23: =D22+B23-C23 -> 8.02 | E23: ف 002812 // ريم كجوج | J23: =J22+H23-I23 -> -213
A24: 46184 | C24: 0.02 | D24: =D23+B24-C24 -> 8 | E24: ف 002812 // ريم كجوج | J24: =J23+H24-I24 -> -213
A25: 46206 | C25: 0.26 | D25: =D24+B25-C25 -> 7.74 | E25: ف 002808 // عيساوي | J25: =J24+H25-I25 -> -213
A26: 46185 | C26: 0.17 | D26: =D25+B26-C26 -> 7.57 | E26: ف 002810 // محمد عمار | J26: =J25+H26-I26 -> -213
A27: 46185 | C27: 0.07 | D27: =D26+B27-C27 -> 7.5 | E27: ف 002813 // جرادي | J27: =J26+H27-I27 -> -213
A28: 46185 | C28: 0.1 | D28: =D27+B28-C28 -> 7.4 | E28: مبيع مشغول 18 | J28: =J27+H28-I28 -> -213
A29: 46188 | B29: 0.13 | D29: =D28+B29-C29 -> 7.53 | E29: فرق القفل 750 | J29: =J28+H29-I29 -> -213
A30: 46189 | C30: 0.22 | D30: =D29+B30-C30 -> 7.31 | E30: ف 002815 // اسيل | J30: =J29+H30-I30 -> -213
A31: 46190 | C31: 0.64 | D31: =D30+B31-C31 -> 6.67 | E31: ف 002816 // عطولي | J31: =J30+H31-I31 -> -213
A32: 46196 | C32: 0.17 | D32: =D31+B32-C32 -> 6.5 | E32: ف 002821 // جرادي | J32: =J31+H32-I32 -> -213
A33: 46197 | C33: 0.05 | D33: =D32+B33-C33 -> 6.45 | E33: ف 002820 // محمد عمار | J33: =J32+H33-I33 -> -213
A34: 46198 | C34: 0.3 | D34: =D33+B34-C34 -> 6.15 | E34: علي زهور | J34: =J33+H34-I34 -> -213
A35: 46198 | B35: 0.15 | D35: =D34+B35-C35 -> 6.3 | E35: فورسا | J35: =J34+H35-I35 -> -213
A36: 46202 | B36: 0.77 | D36: =D35+B36-C36 -> 7.07 | E36: خياس اسوارة تركيب | J36: =J35+H36-I36 -> -213
A37: 46203 | C37: 0.02 | D37: =D36+B37-C37 -> 7.05 | E37: اسوارة تركيب | J37: =J36+H37-I37 -> -213
A38: 46204 | C38: 0.24 | D38: =D37+B38-C38 -> 6.81 | E38: ف 002824 // محمد سعيفان | J38: =J37+H38-I38 -> -213
A39: 46206 | C39: 0.43 | D39: =D38+B39-C39 -> 6.38 | E39: ف 002814 // جرادي محل | J39: =J38+H39-I39 -> -213
A40: 46206 | C40: 3.15 | D40: =D39+B40-C40 -> 3.23 | E40: ف 002822 // سليم عطالله | J40: =J39+H40-I40 -> -213
A41: 46206 | C41: 0.13 | D41: =D40+B41-C41 -> 3.1 | E41: ف 002826 // جرادي محل | J41: =J40+H41-I41 -> -213
A42: 46206 | C42: 0.19 | D42: =D41+B42-C42 -> 2.91 | E42: ف 002827 // محمد عيساوي | J42: =J41+H42-I42 -> -213
A43: 46206 | B43: 0.26 | D43: =D42+B43-C43 -> 3.17 | E43: ف 002828 // سليم عطالله | J43: =J42+H43-I43 -> -213
A44: 46206 | C44: 0.07 | D44: =D43+B44-C44 -> 3.1 | J44: =J43+H44-I44 -> -213
A45: 46206 | C45: 2.07 | D45: =D44+B45-C45 -> 1.03 | E45: ف 002830 // محمد قنديل | J45: =J44+H45-I45 -> -213
A46: 46209 | B46: 0.18 | D46: =D45+B46-C46 -> 1.21 | J46: =J45+H46-I46 -> -213
A47: 46210 | C47: 0.02 | D47: =D46+B47-C47 -> 1.19 | J47: =J46+H47-I47 -> -213
A48: 46210 | C48: 0.1 | D48: =D47+B48-C48 -> 1.09 | J48: =J47+H48-I48 -> -213
A49: 46210 | C49: 0.2 | D49: =D48+B49-C49 -> 0.89 | J49: =J48+H49-I49 -> -213
A50: 46210 | C50: 0.3 | D50: =D49+B50-C50 -> 0.59 | J50: =J49+H50-I50 -> -213
A51: 46210 | C51: 0.22 | D51: =D50+B51-C51 -> 0.37 | J51: =J50+H51-I51 -> -213
A52: 46210 | B52: 0.06 | D52: =D51+B52-C52 -> 0.43 | J52: =J51+H52-I52 -> -213
A53: 46212 | C53: 2.76 | D53: =D52+B53-C53 -> -2.33 | E53: فرق صب | J53: =J52+H53-I53 -> -213
A54: 46213 | C54: 0.19 | D54: =D53+B54-C54 -> -2.52 | J54: =J53+H54-I54 -> -213
A55: 46213 | C55: 0.06 | D55: =D54+B55-C55 -> -2.58 | J55: =J54+H55-I55 -> -213
A56: 46213 | C56: 0.06 | D56: =D55+B56-C56 -> -2.64 | J56: =J55+H56-I56 -> -213
A57: 46213 | C57: 0.02 | D57: =D56+B57-C57 -> -2.66 | J57: =J56+H57-I57 -> -213
A58: 46213 | C58: 0.02 | D58: =D57+B58-C58 -> -2.68 | J58: =J57+H58-I58 -> -213
A59: 46216 | C59: 1.51 | D59: =D58+B59-C59 -> -4.19 | J59: =J58+H59-I59 -> -213
A60: 46216 | C60: 0.24 | D60: =D59+B60-C60 -> -4.43 | J60: =J59+H60-I60 -> -213
A61: 46218 | C61: 0.03 | D61: =D60+B61-C61 -> -4.46 | J61: =J60+H61-I61 -> -213
A62: 46218 | C62: 0.03 | D62: =D61+B62-C62 -> -4.49 | J62: =J61+H62-I62 -> -213
A63: 46218 | C63: 0.09 | D63: =D62+B63-C63 -> -4.58 | J63: =J62+H63-I63 -> -213
A64: 46220 | B64: 0.03 | D64: =D63+B64-C64 -> -4.55 | J64: =J63+H64-I64 -> -213
A65: 46220 | C65: 1.34 | D65: =D64+B65-C65 -> -5.89 | J65: =J64+H65-I65 -> -213
A66: 46220 | C66: 0.4 | D66: =D65+B66-C66 -> -6.29 | J66: =J65+H66-I66 -> -213
A67: 46220 | C67: 0.03 | D67: =D66+B67-C67 -> -6.32 | J67: =J66+H67-I67 -> -213
A68: 46220 | B68: 0.24 | D68: =D67+B68-C68 -> -6.08 | J68: =J67+H68-I68 -> -213
A69: 46220 | B69: 0.24 | D69: =D68+B69-C69 -> -5.84 | J69: =J68+H69-I69 -> -213
A70: 46220 | C70: 0.45 | D70: =D69+B70-C70 -> -6.29 | J70: =J69+H70-I70 -> -213
A71: 46220 | B71: 0.08 | D71: =D70+B71-C71 -> -6.21 | J71: =J70+H71-I71 -> -213
A72: 46220 | B72: 0.82 | D72: =D71+B72-C72 -> -5.39 | J72: =J71+H72-I72 -> -213
A73: 46220 | C73: 0.8 | D73: =D72+B73-C73 -> -6.19 | J73: =J72+H73-I73 -> -213
A74: 46220 | C74: 1.25 | D74: =D73+B74-C74 -> -7.44 | J74: =J73+H74-I74 -> -213
A75: 46223 | C75: 0.31 | D75: =D74+B75-C75 -> -7.75 | J75: =J74+H75-I75 -> -213
A76: 46223 | C76: 0.64 | D76: =D75+B76-C76 -> -8.39 | J76: =J75+H76-I76 -> -213
A77: 46223 | C77: 0.13 | D77: =D76+B77-C77 -> -8.52 | J77: =J76+H77-I77 -> -213
A78: 46225 | B78: 0.36 | D78: =D77+B78-C78 -> -8.16 | J78: =J77+H78-I78 -> -213
A79: 46226 | C79: 1.46 | D79: =D78+B79-C79 -> -9.62 | J79: =J78+H79-I79 -> -213
A80: 46226 | C80: 0.41 | D80: =D79+B80-C80 -> -10.03 | J80: =J79+H80-I80 -> -213
A81: 46226 | C81: 0.18 | D81: =D80+B81-C81 -> -10.21 | J81: =J80+H81-I81 -> -213
A82: 46226 | C82: 1.88 | D82: =D81+B82-C82 -> -12.09 | J82: =J81+H82-I82 -> -213
A83: 46226 | C83: 0.12 | D83: =D82+B83-C83 -> -12.21 | J83: =J82+H83-I83 -> -213
A84: 46226 | C84: 0.15 | D84: =D83+B84-C84 -> -12.36 | J84: =J83+H84-I84 -> -213
A85: 46230 | C85: 0.02 | D85: =D84+B85-C85 -> -12.38 | J85: =J84+H85-I85 -> -213
A86: 46230 | C86: 0.29 | D86: =D85+B86-C86 -> -12.67 | J86: =J85+H86-I86 -> -213
A87: 46230 | C87: 1.25 | D87: =D86+B87-C87 -> -13.92 | J87: =J86+H87-I87 -> -213
A88: 46230 | C88: 0.54 | D88: =D87+B88-C88 -> -14.46 | J88: =J87+H88-I88 -> -213
A89: 46230 | C89: 0.74 | D89: =D88+B89-C89 -> -15.2 | J89: =J88+H89-I89 -> -213
A90: 46231 | C90: 0.16 | D90: =D89+B90-C90 -> -15.36 | J90: =J89+H90-I90 -> -213
... A97: 46234 | C97: 0.34 | D97: =D96+B97-C97 -> -17.67 | J97: =J96+H97-I97 -> -213
A98: 46234 | B98: 0.17 | D98: =D97+B98-C98 -> -17.5 | J98: =J97+H98-I98 -> -213
A99: 46234 | C99: 0.01 | D99: =D98+B99-C99 -> -17.51 | J99: =J98+H99-I99 -> -213
A100: 46238 | C100: 0.3 | D100: =D99+B100-C100 -> -17.81 | J100: =J99+H100-I100 -> -213
A101: 46238 | C101: 0.14 | D101: =D100+B101-C101 -> -17.95 | J101: =J100+H101-I101 -> -213
C102: 0.59 | D102: =D101+B102-C102 -> -18.54 | J102: =J101+H102-I102 -> -213
C103: 0.07 | D103: =D102+B103-C103 -> -18.61 | J103: =J102+H103-I103 -> -213
C104: 2 | D104: =D103+B104-C104 -> -20.61 | J104: =J103+H104-I104 -> -213
C105: 0.48 | D105: =D104+B105-C105 -> -21.09 | J105: =J104+H105-I105 -> -213
C106: 0.01 | D106: =D105+B106-C106 -> -21.1 | J106: =J105+H106-I106 -> -213
...

Sheet Ahmad
A1: Paid from AHMAD
A2: دهب 995 | D2: =A1 -> Paid from AHMAD | G2: حساب دولار $ | J2: =A1 -> Paid from AHMAD
A3: من تاريخ :
A4: إلى تاريخ : | G4: إلى تاريخ :
A5: التاريخ | B5: مدفوع له | C5: مستلم منه | D5: الرصيد | E5: البيان | G5: التاريخ | H5: Debit | I5: Credit | J5: الرصيد | K5: البيان
A6: 46157 | C6: =1256.48/2 -> 628.24 | D6: =B6-C6 -> -628.24 | E6: تسليم مازن رملة من اورا | G6: 45947 | I6: 10000 | J6: =H6-I6 -> -10000 | K6: مدفوع من احمد 10.000$ استانبول - صندوق
A7: 46157 | C7: 628.24 | D7: =D6+B7-C7 -> -1256.48 | E7: تسليم مازن رملة من اورا | G7: 45947 | I7: 23400 | J7: =J6+H7-I7 -> -33400 | K7: مدفوع من احمد 20.000 يورو × 1.17
A8: 46157 | C8: 74.31 | D8: =D7+B8-C8 -> -1330.79 | E8: تسليم مازن رملة من تايغر | G8: 45958 | I8: =17010-4200 -> 12810 | J8: =J7+H8-I8 -> -46210 | K8: مدفوع من احمد - كيومجي كينت
A9: 46157 | C9: 2536.95 | D9: =D8+B9-C9 -> -3867.74 | E9: تسليم مازن رملة من تايغر | G9: 45979 | I9: 6870 | J9: =J8+H9-I9 -> -53080 | K9: كيوجي كنت ماكينات
A10: 46157 | C10: 145.95 | D10: =D9+B10-C10 -> -4013.69 | E10: تسليم مازن رملة من تايغر | G10: 46035 | I10: 3000 | J10: =J9+H10-I10 -> -56080 | K10: قيمة شمعات
A11: 46157 | C11: 986.31 | D11: =D10+B11-C11 -> -5000 | E11: تسليم مازن رملة من تايغر | G11: 46035 | I11: 27000 | J11: =J10+H11-I11 -> -83080 | K11: قيمة شمعات | M11: =21886-11814 -> 10072
D12: =D11+B12-C12 -> -5000 | E12: استلام من المساهمين 8 كيلو من ارباح تايغر | G12: 46042 | I12: 3000 | J12: =J11+H12-I12 -> -86080 | K12: بيد علي
A13: 46178 | C13: 600 | D13: =D12+B13-C13 -> -5600 | E13: استلام رملي من تايغر | G13: 46057 | I13: 53100 | J13: =J12+H13-I13 -> -139180 | K13: مكنات ايطاليا
A14: 46178 | C14: 4012.87 | D14: =D13+B14-C14 -> -9612.87 | E14: مستلم مشغول 18 // 5323.75 // | G14: 46062 | I14: 24000 | J14: =J13+H14-I14 -> -163180 | K14: قيمة شمعات
A15: 46178 | C15: 342.48 | D15: =D14+B15-C15 -> -9955.35 | E15: مستلم مشغول 21 // 389.45 // | G15: 46083 | I15: =10000-3200 -> 6800 | J15: =J14+H15-I15 -> -169980 | K15: مكنات تركيا
A16: 46178 | C16: 301.6 | D16: =D15+B16-C16 -> -10256.95 | E16: مستلم كسر 18 // 407.58 // | G16: 46150 | I16: 10072 | J16: =J15+H16-I16 -> -180052 | K16: مكنات
A17: 46178 | C17: 89.76 | D17: =D16+B17-C17 -> -10346.71 | E17: مستلم كسر 21 // 103.78 // | I17: 18297 | J17: =J16+H17-I17 -> -198349 | K17: مستلم من المساهمين تسوية لحساب مازن
A18: 46181 | C18: 4653.29 | D18: =D17+B18-C18 -> -15000 | E18: استلام رملي من تايغر | G18: 46164 | I18: 1180 | J18: =J17+H18-I18 -> -199529 | K18: مستلم من اورا - بيد علي ) مساهمين
C19: 2000 | D19: =D18+B19-C19 -> -17000 | E19: استلام رملي من تايغر | I19: 10000 | J19: =J18+H19-I19 -> -209529 | K19: حساب بورصة
A20: 46233 | C20: 3000 | D20: =D19+B20-C20 -> -20000 | E20: استلام رملي من تايغر | G20: 46252 | I20: 29510 | J20: =J19+H20-I20 -> -239039 | K20: مكنات ايطاليا
D21: =D20+B21-C21 -> -20000 | J21: =J20+H21-I21 -> -239039
D22: =D21+B22-C22 -> -20000 | J22: =J21+H22-I22 -> -239039
D23: =D22+B23-C23 -> -20000 | J23: =J22+H23-I23 -> -239039
D24: =D23+B24-C24 -> -20000 | J24: =J23+H24-I24 -> -239039
D25: =D24+B25-C25 -> -20000 | J25: =J24+H25-I25 -> -239039
D26: =D25+B26-C26 -> -20000 | J26: =J25+H26-I26 -> -239039
D27: =D26+B27-C27 -> -20000 | J27: =J26+H27-I27 -> -239039
D28: =D27+B28-C28 -> -20000 | J28: =J27+H28-I28 -> -239039
D29: =D28+B29-C29 -> -20000 | J29: =J28+H29-I29 -> -239039
D30: =D29+B30-C30 -> -20000 | J30: =J29+H30-I30 -> -239039
D31: =D30+B31-C31 -> -20000 | J31: =J30+H31-I31 -> -239039
D32: =D31+B32-C32 -> -20000 | J32: =J31+H32-I32 -> -239039
... D567: =D566+B567-C567 -> -20000 | J567: =J566+H567-I567 -> -239039
D568: =D567+B568-C568 -> -20000 | G568: المجموع | H568: =SUM(H6:H567) -> 0 | I568: =SUM(I6:I567) -> 239039 | J568: =H568-I568 -> -239039
D569: =D568+B569-C569 -> -20000 | G569: الرصيد | H569: =H568-I568 -> -239039
D570: =D569+B570-C570 -> -20000
D571: =D570+B571-C571 -> -20000
D572: =D571+B572-C572 -> -20000
D573: =D572+B573-C573 -> -20000
D574: =D573+B574-C574 -> -20000
D575: =D574+B575-C575 -> -20000
D576: =D575+B576-C576 -> -20000
D577: =D576+B577-C577 -> -20000
D578: =D577+B578-C578 -> -20000
D579: =D578+B579-C579 -> -20000
D580: =D579+B580-C580 -> -20000
D581: =D580+B581-C581 -> -20000
... D765: =D764+B765-C765 -> -20000
A766: المجموع | B766: =SUM(B6:B765) -> 0 | C766: =SUM(C6:C765) -> 20000 | D766: =B766-C766 -> -20000
A767: الرصيد | B767: =B766-C766 -> -20000
J768: =H569 -> -239039 | K768: الرصيد

Sheet Mzen
A1: Paid from MAZEN
A2: دهب 995 | D2: =A1 -> Paid from MAZEN | G2: حساب دولار $ | J2: =A1 -> Paid from MAZEN
A3: من تاريخ :
A4: إلى تاريخ : | G4: إلى تاريخ :
A5: التاريخ | B5: مدفوع له | C5: مستلم منه | D5: الرصيد | E5: البيان | G5: التاريخ | H5: Debit | I5: Credit | J5: الرصيد | K5: البيان
A6: 46164 | C6: 536.9 | D6: =B6-C6 -> -536.9 | E6: مستلم رملي | G6: 45905 | I6: 1000 | J6: =H6-I6 -> -1000 | K6: دفعة بيد احمد اغا
A7: 46167 | B7: 53.14 | D7: =D6+B7-C7 -> -483.76 | E7: تسليم وسيم تميمي مشغول 18 // 70.51 غ | G7: 45911 | I7: 3000 | J7: =J6+H7-I7 -> -4000 | K7: دفعة بيد احمد اغا
A8: 46168 | C8: 700 | D8: =D7+B8-C8 -> -1183.76 | E8: مستلم رملي | G8: 45919 | I8: 3000 | J8: =J7+H8-I8 -> -7000 | K8: دفعة بيد احمد اغا
A9: 46176 | C9: 60.93 | D9: =D8+B9-C9 -> -1244.69 | E9: 80.84 مشغول//18// كادر ليرة | G9: 45938 | I9: 3000 | J9: =J8+H9-I9 -> -10000 | K9: دفعة بيد احمد اغا
A10: 46182 | B10: 1244.69 | D10: =D9+B10-C10 -> 0 | E10: تسليم مازن رملي | G10: 45940 | I10: 3000 | J10: =J9+H10-I10 -> -13000 | K10: دفعة بيد فارتان - الحداد
D11: =D10+B11-C11 -> 0 | G11: 45943 | I11: 465 | J11: =J10+H11-I11 -> -13465 | K11: دفعة بيد قاسم - زجاج
D12: =D11+B12-C12 -> 0 | G12: 45946 | I12: 1500 | J12: =J11+H12-I12 -> -14965 | K12: دفعة بيد محمد علوية من اصل 2750$
D13: =D12+B13-C13 -> 0 | G13: 45951 | I13: 3000 | J13: =J12+H13-I13 -> -17965 | K13: دفعة بيد احمد اغا
D14: =D13+B14-C14 -> 0 | G14: 45961 | I14: 3000 | J14: =J13+H14-I14 -> -20965 | K14: دفعة بيد احمد اغا
D15: =D14+B15-C15 -> 0 | G15: 45961 | I15: 12000 | J15: =J14+H15-I15 -> -32965 | K15: مدفوع من مازن اجار الورشة 1/9 لغاية 1/9/26
D16: =D15+B16-C16 -> 0 | G16: 45973 | I16: 1100 | J16: =J15+H16-I16 -> -34065 | K16: طاولات عدد 7
D17: =D16+B17-C17 -> 0 | G17: 45978 | I17: 8500 | J17: =J16+H17-I17 -> -42565 | K17: مكنات نقش و زخرفة
D18: =D17+B18-C18 -> 0 | G18: 45979 | I18: 1250 | J18: =J17+H18-I18 -> -43815 | K18: المنيوم
D19: =D18+B19-C19 -> 0 | G19: 45980 | I19: 850 | J19: =J18+H19-I19 -> -44665 | K19: بلانكو 1 طن
D20: =D19+B20-C20 -> 0 | G20: 45980 | I20: 477 | J20: =J19+H20-I20 -> -45142 | K20: axial fan
D21: =D20+B21-C21 -> 0 | G21: 45981 | I21: 300 | J21: =J20+H21-I21 -> -45442 | K21: خزنة من اصل 800
D22: =D21+B22-C22 -> 0 | G22: 45981 | I22: 5300 | J22: =J21+H22-I22 -> -50742 | K22: 10 مكيفات | N22: =11000*11650 -> 128150000
D23: =D22+B23-C23 -> 0 | G23: 45987 | I23: 800 | J23: =J22+H23-I23 -> -51542 | K23: خزنةتسكير حساب
D24: =D23+B24-C24 -> 0 | G24: 45987 | I24: 6520 | J24: =J23+H24-I24 -> -58062 | K24: مكنة سحب
D25: =D24+B25-C25 -> 0 | G25: 45987 | I25: 410 | J25: =J24+H25-I25 -> -58472 | K25: ونش لنقل الخزنة
D26: =D25+B26-C26 -> 0 | G26: 46000 | J26: =J25+H26-I26 -> -58472 | K26: شراء مكنات لمعمل الطابق الثاني
D27: =D26+B27-C27 -> 0 | G27: 45995 | I27: 300 | J27: =J26+H27-I27 -> -58772 | K27: جهاد ياسو
D28: =D27+B28-C28 -> 0 | G28: 45995 | I28: 1000 | J28: =J27+H28-I28 -> -59772 | K28: نجار مصطفى
D29: =D28+B29-C29 -> 0 | G29: 45995 | I29: 32.56 | J29: =J28+H29-I29 -> -59804.56 | K29: مفتا ح شق 2361 فاتورة
D30: =D29+B30-C30 -> 0 | G30: 45995 | I30: 280 | J30: =J29+H30-I30 -> -60084.56 | K30: ثمن عدة
D31: =D30+B31-C31 -> 0 | G31: 45996 | I31: 100 | J31: =J30+H31-I31 -> -60184.56 | K31: ونش لنق لمكنة
D32: =D31+B32-C32 -> 0 | G32: 45996 | I32: 109 | J32: =J31+H32-I32 -> -60293.56 | K32: عدة +غاز
D33: =D32+B33-C33 -> 0 | G33: 46007 | I33: 2100 | J33: =J32+H33-I33 -> -62393.56 | K33: خارتان الحداد
D34: =D33+B34-C34 -> 0 | G34: 46003 | I34: 60 | J34: =J33+H34-I34 -> -62453.56 | K34: مقص وزرديات و قضيب لحام
D35: =D34+B35-C35 -> 0 | G35: 46003 | I35: 230 | J35: =J34+H35-I35 -> -62683.56 | K35: نقل مكينات
D36: =D35+B36-C36 -> 0 | G36: 46003 | I36: 70 | J36: =J35+H36-I36 -> -62753.56 | K36: فليارات لمكنات السحب
D37: =D36+B37-C37 -> 0 | G37: 46009 | I37: 2310 | J37: =J36+H37-I37 -> -65063.56 | K37: جهاد ياسو
D38: =D37+B38-C38 -> 0 | G38: 46074 | I38: 12000 | J38: =J37+H38-I38 -> -77063.56 | K38: مكنات نزار دمغة
... D54: =D53+B54-C54 -> 0 | G54: 46150 | I54: 74736 | J54: =J53+H54-I54 -> -180014.56 | K54: ماكينات مازن
D55: =D54+B55-C55 -> 0 | G55: 46150 | I55: =36010-2726+54 -> 33338 | J55: =J54+H55-I55 -> -213352.56 | K55: مصاريف
D56: =D55+B56-C56 -> 0 | G56: 46150 | I56: =3503-210+1 -> 3294 | J56: =J55+H56-I56 -> -216646.56 | K56: مصاريف
D57: =D56+B57-C57 -> 0 | H57: 18297 | J57: =J56+H57-I57 -> -198349.56
D58: =D57+B58-C58 -> 0 | G58: 46164 | I58: 2310 | J58: =J57+H58-I58 -> -200659.56 | K58: من تاريخ 8/5/2026 لغاية 22/5/2026 على الغروب
D59: =D58+B59-C59 -> 0 | G59: 46164 | H59: 660 | J59: =J58+H59-I59 -> -199999.56 | K59: مدفوع كاش لمازن
D60: =D59+B60-C60 -> 0 | G60: 46167 | H60: 317 | J60: =J59+H60-I60 -> -199682.56 | K60: تسليم وسيم تميمي مشغول 18 // 70.51 غ
D61: =D60+B61-C61 -> 0 | G61: 46175 | I61: 2600 | J61: =J60+H61-I61 -> -202282.56 | K61: مستلم كاش من مازن
D62: =D61+B62-C62 -> 0 | G62: 46175 | I62: 500 | J62: =J61+H62-I62 -> -202782.56 | K62: مستلم كاش من علي
D63: =D62+B63-C63 -> 0 | G63: 46175 | I63: 500 | J63: =J62+H63-I63 -> -203282.56 | K63: مستلم كاش من مازن
D64: =D63+B64-C64 -> 0 | G64: 46182 | I64: 2600 | J64: =J63+H64-I64 -> -205882.56 | K64: قالب غورميت
D65: =D64+B65-C65 -> 0 | G65: 46182 | I65: 1450 | J65: =J64+H65-I65 -> -207332.56 | K65: بطارية ليثيوم
D66: =D65+B66-C66 -> 0 | G66: 46182 | I66: 1350 | J66: =J65+H66-I66 -> -208682.56 | K66: قوالب ستيل
D67: =D66+B67-C67 -> 0 | G67: 46182 | I67: 30 | J67: =J66+H67-I67 -> -208712.56 | K67: نحاس
D68: =D67+B68-C68 -> 0 | G68: 46182 | I68: 2000 | J68: =J67+H68-I68 -> -210712.56 | K68: كاش للصندوق
D69: =D68+B69-C69 -> 0 | G69: 46252 | I69: 29510 | J69: =J68+H69-I69 -> -240222.56 | K69: مكنات ايطاليا
D70: =D69+B70-C70 -> 0 | H70: 5430 | J70: =J69+H70-I70 -> -234792.56
D71: =D70+B71-C71 -> 0 | G71: 46273 | I71: 5000 | J71: =J70+H71-I71 -> -239792.56 | K71: ثمن موتير 11300
D72: =D71+B72-C72 -> 0 | J72: =J71+H72-I72 -> -239792.56
D73: =D72+B73-C73 -> 0 | J73: =J72+H73-I73 -> -239792.56
D74: =D73+B74-C74 -> 0 | J74: =J73+H74-I74 -> -239792.56
D75: =D74+B75-C75 -> 0 | J75: =J74+H75-I75 -> -239792.56
D76: =D75+B76-C76 -> 0 | J76: =J75+H76-I76 -> -239792.56
D77: =D76+B77-C77 -> 0 | J77: =J76+H77-I77 -> -239792.56
D78: =D77+B78-C78 -> 0 | J78: =J77+H78-I78 -> -239792.56
D79: =D78+B79-C79 -> 0 | J79: =J78+H79-I79 -> -239792.56
D80: =D79+B80-C80 -> 0 | J80: =J79+H80-I80 -> -239792.56
D81: =D80+B81-C81 -> 0 | J81: =J80+H81-I81 -> -239792.56
D82: =D81+B82-C82 -> 0 | J82: =J81+H82-I82 -> -239792.56
D83: =D82+B83-C83 -> 0 | J83: =J82+H83-I83 -> -239792.56
... D569: =D568+B569-C569 -> 0 | J569: =J568+H569-I569 -> -239792.56
D570: =D569+B570-C570 -> 0 | G570: المجموع | H570: =SUM(H6:H569) -> 24704 | I570: =SUM(I6:I569) -> 264496.56 | J570: =H570-I570 -> -239792.56
D571: =D570+B571-C571 -> 0 | G571: الرصيد | H571: =H570-I570 -> -239792.56
D572: =D571+B572-C572 -> 0
D573: =D572+B573-C573 -> 0
D574: =D573+B574-C574 -> 0
D575: =D574+B575-C575 -> 0
D576: =D575+B576-C576 -> 0
D577: =D576+B577-C577 -> 0
D578: =D577+B578-C578 -> 0
D579: =D578+B579-C579 -> 0
D580: =D579+B580-C580 -> 0
D581: =D580+B581-C581 -> 0
D582: =D581+B582-C582 -> 0
D583: =D582+B583-C583 -> 0
... D767: =D766+B767-C767 -> 0
A768: المجموع | B768: =SUM(B6:B767) -> 1297.83 | C768: =SUM(C6:C767) -> 1297.83 | D768: =B768-C768 -> 0
A769: الرصيد | B769: =B768-C768 -> 0
J770: =H571 -> -239792.56 | K770: الرصيد

Sheet خزنة رئيسية
A1: خزنة / رئيسي
A2: النوع | B2: دولار | C2: وزن
A3: صندوق دولار | B3: =دولار!H927 -> 39173
A4: دهب رملة 995 | C4: =دهب!B276 -> 0 | D4: =C4 -> 0
A5: فضة روباص | C5: =فضة!B131 -> 6675.18
A6: Alloy Cast | C6: ='Alloy Cast'!B104 -> 2733.44
A7: Alloy سحب | C7: ='Alloy سحب'!B116 -> 2541.15
A8: دهب كسر 18 - صب | C8: ='كسر 18 صب'!B150 -> 0 | D8: =C8*748/995 -> 0
A9: دهب كسر 18 - سحب | C9: ='كسر 18 سحب'!B104 -> 0 | D9: =C9*748/995 -> 0
A10: دهب كسر 21 - صب | C10: ='كسر 21 صب'!B104 -> 0 | D10: =C10*873/995 -> 0
A11: دهب كسر 21 - سحب | C11: ='كسر 21 سحب'!B104 -> 0 | D11: =C11*873/995 -> 0
A12: مشغول 18 | B12: ='مشغول 18'!H613 -> -160727 | C12: ='مشغول 18'!B611 -> 0 | D12: =C12*748/995 -> 0
A13: مشغول 21 | C13: ='مشغول 21'!B104 -> 0 | D13: =C13*873/995 -> 0
A14: K18 - 740 | B14: ='K18'!B150 -> 0 | D14: =B14*0.74 -> 0
A15: K22 - 905 | B15: ='K22'!B104 -> 0 | D15: =B15*0.905 -> 0
A16: K21 - 865 | B16: ='K21'!B118 -> 0 | D16: =B16*0.865 -> 0
A18: مجموع الدهب | C18: =SUM(D4:D16) -> 0

Sheet دولار
A1: Pro
A2: دهب 995 | D2: =A1 -> Pro | G2: حساب دولار $
A3: من تاريخ :
A4: إلى تاريخ : | G4: إلى تاريخ :
A5: التاريخ | B5: مدفوع له | C5: مستلم منه | D5: الرصيد | E5: البيان | G5: التاريخ | H5: دخول | I5: خروج | J5: الرصيد | K5: البيان
D6: =B6-C6 -> 0 | G6: 46157 | H6: 678 | J6: =H6-I6 -> 678 | K6: مستلم من اجور 18
D7: =D6+B7-C7 -> 0 | G7: 46164 | H7: 1180 | J7: =J6+H7-I7 -> 1858 | K7: مستلم من مساهمين احمد كنجو -من اورا
D8: =D7+B8-C8 -> 0 | G8: 46164 | H8: 240 | J8: =J7+H8-I8 -> 2098 | K8: اجور الزاوية غ32.34 // 18
D9: =D8+B9-C9 -> 0 | G9: 46164 | I9: 660 | J9: =J8+H9-I9 -> 1438 | K9: مدفوع لمازن
D10: =D9+B10-C10 -> 0 | G10: 46164 | I10: 100 | J10: =J9+H10-I10 -> 1338 | K10: ناتو سحب عالمعاش
D11: =D10+B11-C11 -> 0 | G11: 46164 | I11: 100 | J11: =J10+H11-I11 -> 1238 | K11: فتوح سحب عالمعاش
D12: =D11+B12-C12 -> 0 | G12: 46164 | I12: 500 | J12: =J11+H12-I12 -> 738 | K12: جهاد سحب عالمعاش
D13: =D12+B13-C13 -> 0 | G13: 46167 | I13: 49.5 | J13: =J12+H13-I13 -> 688.5 | K13: شراء عدة هاروت ف // 768
D14: =D13+B14-C14 -> 0 | G14: 46167 | I14: 5.5 | J14: =J13+H14-I14 -> 683 | K14: شراء عدة هاروت ف // مكتبة حسون
D15: =D14+B15-C15 -> 0 | G15: 46167 | I15: 10 | J15: =J14+H15-I15 -> 673 | K15: شمع من الرضوان
D16: =D15+B16-C16 -> 0 | G16: 46167 | I16: 300 | J16: =J15+H16-I16 -> 373 | K16: شراء اللوي سحب
D17: =D16+B17-C17 -> 0 | G17: 46168 | I17: 30 | J17: =J16+H17-I17 -> 343 | K17: مخرطة بيد جهاد
D18: =D17+B18-C18 -> 0 | G18: 46168 | H18: 4940 | J18: =J17+H18-I18 -> 5283 | K18: محمد عيساوي
D19: =D18+B19-C19 -> 0 | G19: 46168 | I19: 250 | J19: =J18+H19-I19 -> 5033 | K19: جهاد سحب عالمعاش
D20: =D19+B20-C20 -> 0 | G20: 46168 | I20: 120 | J20: =J19+H20-I20 -> 4913 | K20: مصروف فاتورة سيتي ستار
D21: =D20+B21-C21 -> 0 | G21: 46174 | I21: 3650 | J21: =J20+H21-I21 -> 1263 | K21: معاشات
D22: =D21+B22-C22 -> 0 | G22: 46174 | I22: 385 | J22: =J21+H22-I22 -> 878 | K22: سلندر جفصين
D23: =D22+B23-C23 -> 0 | G23: 46174 | I23: 12 | J23: =J22+H23-I23 -> 866 | K23: قالب كوتشوك سيلكون
D24: =D23+B24-C24 -> 0 | G24: 46174 | I24: 124 | J24: =J23+H24-I24 -> 742 | K24: مازن غراض قاروط
D25: =D24+B25-C25 -> 0 | G25: 46174 | I25: 100 | J25: =J24+H25-I25 -> 642 | K25: علي غراض قاروط
D26: =D25+B26-C26 -> 0 | G26: 46174 | I26: 12 | J26: =J25+H26-I26 -> 630 | K26: فاتورة habtraco brass 6mm
D27: =D26+B27-C27 -> 0 | G27: 46175 | H27: 2600 | J27: =J26+H27-I27 -> 3230 | K27: مستلم كاش من مازن
D28: =D27+B28-C28 -> 0 | G28: 46175 | I28: 2600 | J28: =J27+H28-I28 -> 630 | K28: مدفوع قولب غورميت
D29: =D28+B29-C29 -> 0 | G29: 46175 | H29: 500 | J29: =J28+H29-I29 -> 1130 | K29: مستلم كاش من علي
D30: =D29+B30-C30 -> 0 | G30: 46175 | I30: 625 | J30: =J29+H30-I30 -> 505 | K30: مجموع فواتير مشتريات هاروط
D31: =D30+B31-C31 -> 0 | G31: 46175 | H31: 500 | J31: =J30+H31-I31 -> 1005 | K31: مستلم كاش من مازن
D32: =D31+B32-C32 -> 0 | G32: 46175 | I32: 10 | J32: =J31+H32-I32 -> 995 | K32: مياه
D33: =D32+B33-C33 -> 0 | G33: 46176 | I33: 200 | J33: =J32+H33-I33 -> 795 | K33: تكملة معاش ناتو
D34: =D33+B34-C34 -> 0 | G34: 46176 | I34: =25+24+120+12 -> 181 | J34: =J33+H34-I34 -> 614 | K34: مجموع فواتير مشتريات هاروط
D35: =D34+B35-C35 -> 0 | G35: 46177 | H35: 598 | J35: =J34+H35-I35 -> 1212 | K35: فاتورة 002803 محمد سعيفان
D36: =D35+B36-C36 -> 0 | G36: 46177 | H36: 474 | J36: =J35+H36-I36 -> 1686 | K36: فاتورة 002804 محمد سعيفان
D37: =D36+B37-C37 -> 0 | G37: 46177 | H37: 643 | J37: =J36+H37-I37 -> 2329 | K37: فاتورة 002805 محمد عمار
D38: =D37+B38-C38 -> 0 | G38: 46177 | I38: 115 | J38: =J37+H38-I38 -> 2214 | K38: قوالب سليكون
D39: =D38+B39-C39 -> 0 | G39: 46177 | I39: 165 | J39: =J38+H39-I39 -> 2049 | K39: شراء حجار صمباط
G40: 46178 | I40: 130 | J40: =J39+H40-I40 -> 1919 | K40: سلفة vicken
D41: =D39+B41-C41 -> 0 | G41: 46178 | I41: 150 | J41: =J40+H41-I41 -> 1769 | K41: شراء زيكزيك
D42: =D41+B42-C42 -> 0 | G42: 46178 | I42: 73 | J42: =J41+H42-I42 -> 1696 | K42: شراء فريزات
D43: =D42+B43-C43 -> 0 | G43: 46178 | I43: 17 | J43: =J42+H43-I43 -> 1679 | K43: شراء زيركون
D44: =D43+B44-C44 -> 0 | G44: 46181 | I44: 120 | J44: =J43+H44-I44 -> 1559 | K44: فتوح سحب عالمعاش
D45: =D44+B45-C45 -> 0 | G45: 46181 | I45: 50 | J45: =J44+H45-I45 -> 1509 | K45: شراء حجار صمباط
D46: =D45+B46-C46 -> 0 | G46: 46182 | H46: 193 | J46: =J45+H46-I46 -> 1702 | K46: تسليم مازن بلاك // 38.53 //
G47: 46182 | H47: 2000 | J47: =J46+H47-I47 -> 3702 | K47: مستلم كاش من مازن
D48: =D46+B48-C48 -> 0 | G48: 46182 | I48: 108 | J48: =J47+H48-I48 -> 3594 | K48: مستلم محابس من عيسى
D49: =D48+B49-C49 -> 0 | G49: 46182 | I49: 430 | J49: =J48+H49-I49 -> 3164 | K49: مستلم محابس من عيسى
D50: =D49+B50-C50 -> 0 | G50: 46182 | I50: 150 | J50: =J49+H50-I50 -> 3014 | K50: مستلم سنسال فورسا
D51: =D50+B51-C51 -> 0 | G51: 46182 | I51: 52 | J51: =J50+H51-I51 -> 2962 | K51: مستلم سنسال فورسا
D52: =D51+B52-C52 -> 0 | G52: 46182 | I52: 400 | J52: =J51+H52-I52 -> 2562 | K52: هوفيغ
D53: =D52+B53-C53 -> 0 | G53: 46182 | I53: 1225 | J53: =J52+H53-I53 -> 1337 | K53: سفرة مازن و علي
D54: =D53+B54-C54 -> 0 | G54: 46183 | I54: 67 | J54: =J53+H54-I54 -> 1270 | K54: هاروط
D55: =D54+B55-C55 -> 0 | G55: 46183 | I55: 20 | J55: =J54+H55-I55 -> 1250 | K55: رصور 2.14
D56: =D55+B56-C56 -> 0 | G56: 46184 | I56: 200 | J56: =J55+H56-I56 -> 1050 | K56: ناتو سحب عالمعاش
D57: =D56+B57-C57 -> 0 | G57: 46184 | I57: 70 | J57: =J56+H57-I57 -> 980 | K57: بلكسي للميزان عدد 2
D58: =D57+B58-C58 -> 0 | G58: 46184 | I58: 165 | J58: =J57+H58-I58 -> 815 | K58: هاروط
D59: =D58+B59-C59 -> 0 | G59: 46184 | I59: 40 | J59: =J58+H59-I59 -> 775 | K59: هاروط
D60: =D59+B60-C60 -> 0 | G60: 46184 | H60: 680 | J60: =J59+H60-I60 -> 1455 | K60: ف 002812 // ريم كجوج
D61: =D60+B61-C61 -> 0 | G61: 46184 | H61: 72 | J61: =J60+H61-I61 -> 1527 | K61: ف 002812 // ريم كجوج
D62: =D61+B62-C62 -> 0 | G62: 46184 | I62: 100 | J62: =J61+H62-I62 -> 1427 | K62: فتوح سحب عالمعاش
D63: =D62+B63-C63 -> 0 | G63: 46185 | H63: 13550 | J63: =J62+H63-I63 -> 14977 | K63: ف 002808 // عيساوي
D64: =D63+B64-C64 -> 0 | G64: 46185 | I64: 2100 | J64: =J63+H64-I64 -> 12877 | K64: احمد اغا
D65: =D64+B65-C65 -> 0 | G65: 46185 | H65: 528 | J65: =J64+H65-I65 -> 13405 | K65: ف 002810 // محمد عمار
D66: =D65+B66-C66 -> 0 | G66: 46185 | H66: 3913 | J66: =J65+H66-I66 -> 17318 | K66: ف 002813 // جرادي
D67: =D66+B67-C67 -> 0 | G67: 46185 | H67: 5800 | J67: =J66+H67-I67 -> 23118 | K67: مبيع مشغول 18
D68: =D67+B68-C68 -> 0 | G68: 46185 | I68: 200 | J68: =J67+H68-I68 -> 22918 | K68: سلفة هاروط
D69: =D68+B69-C69 -> 0 | G69: 46188 | I69: 234 | J69: =J68+H69-I69 -> 22684 | K69: اجور قفل
D70: =D69+B70-C70 -> 0 | G70: 46189 | I70: 6 | J70: =J69+H70-I70 -> 22678 | K70: مياه
D71: =D70+B71-C71 -> 0 | G71: 46189 | I71: 70 | J71: =J70+H71-I71 -> 22608 | K71: احمد اغا
G72: 46189 | I72: 160 | J72: =J71+H72-I72 -> 22448 | K72: غراض بيد مازن
D73: =D71+B73-C73 -> 0 | G73: 46189 | I73: 280 | J73: =J72+H73-I73 -> 22168 | K73: شحن مكنة النقش
D74: =D73+B74-C74 -> 0 | G74: 46189 | H74: 12038 | J74: =J73+H74-I74 -> 34206 | K74: ف 002815 // اسيل
D75: =D74+B75-C75 -> 0 | G75: 46189 | I75: 250 | J75: =J74+H75-I75 -> 33956 | K75: سلفة vicken
D76: =D75+B76-C76 -> 0 | G76: 46189 | I76: 100 | J76: =J75+H76-I76 -> 33856 | K76: سلفة فتوح
D77: =D76+B77-C77 -> 0 | G77: 46190 | H77: 1423 | J77: =J76+H77-I77 -> 35279 | K77: ف 002816 // عطولي
D78: =D77+B78-C78 -> 0 | G78: 46190 | I78: 5036 | J78: =J77+H78-I78 -> 30243 | K78: ف 002817 // تايغر
D79: =D78+B79-C79 -> 0 | G79: 46190 | H79: 115 | J79: =J78+H79-I79 -> 30358 | K79: ف 002818 // نبهان
D80: =D79+B80-C80 -> 0 | G80: 46190 | I80: 200 | J80: =J79+H80-I80 -> 30158 | K80: بيد هاروط
D81: =D80+B81-C81 -> 0 | G81: 46190 | I81: 200 | J81: =J80+H81-I81 -> 29958 | K81: سلفة هاروط
D82: =D81+B82-C82 -> 0 | G82: 46190 | I82: 14670 | J82: =J81+H82-I82 -> 15288 | K82: شراء
D83: =D82+B83-C83 -> 0 | G83: 46195 | I83: 1571 | J83: =J82+H83-I83 -> 13717 | K83: بلدية عن سنة 2026
D84: =D83+B84-C84 -> 0 | G84: 46195 | I84: 65 | J84: =J83+H84-I84 -> 13652 | K84: قنينة ارغون
D85: =D84+B85-C85 -> 0 | G85: 46196 | I85: 16 | J85: =J84+H85-I85 -> 13636 | K85: غراض بيد مازن
D86: =D85+B86-C86 -> 0 | G86: 46196 | H86: 5880 | J86: =J85+H86-I86 -> 19516 | K86: ف 002821 // جرادي
G87: 46196 | I87: 150 | J87: =J86+H87-I87 -> 19366 | K87: ف 948
G88: 46196 | I88: 140 | J88: =J87+H88-I88 -> 19226 | K88: هاروط غراض
D89: =D86+B89-C89 -> 0 | G89: 46196 | I89: 200 | J89: =J88+H89-I89 -> 19026 | K89: سلفة هوفيغ
D90: =D89+B90-C90 -> 0 | G90: 46197 | I90: 7995 | J90: =J89+H90-I90 -> 11031 | K90: شراء 60 غ
D91: =D90+B91-C91 -> 0 | G91: 46197 | I91: 650 | J91: =J90+H91-I91 -> 10381 | K91: شراء كسر
D92: =D91+B92-C92 -> 0 | G92: 46197 | I92: 20 | J92: =J91+H92-I92 -> 10361 | K92: قالب كوتشوك سيلكون
D93: =D92+B93-C93 -> 0 | G93: 46197 | I93: 50 | J93: =J92+H93-I93 -> 10311 | K93: ريزك
D94: =D93+B94-C94 -> 0 | G94: 46197 | H94: 2472 | J94: =J93+H94-I94 -> 12783 | K94: ف 002820 // محمد عمار
D95: =D94+B95-C95 -> 0 | G95: 46198 | I95: 1310 | J95: =J94+H95-I95 -> 11473 | K95: اشتراك
D96: =D95+B96-C96 -> 0 | G96: 46198 | I96: 6 | J96: =J95+H96-I96 -> 11467 | K96: كبايات
D97: =D96+B97-C97 -> 0 | G97: 46198 | I97: 15 | J97: =J96+H97-I97 -> 11452 | K97: غاز
D98: =D97+B98-C98 -> 0 | G98: 46198 | I98: 3 | J98: =J97+H98-I98 -> 11449 | K98: تلزيق
D99: =D98+B99-C99 -> 0 | G99: 46198 | I99: 28 | J99: =J98+H99-I99 -> 11421 | K99: تلزيق مالكس
D100: =D99+B100-C100 -> 0 | G100: 46198 | H100: 511 | J100: =J99+H100-I100 -> 11932 | K100: علي زهور
...

Sheet دهب
A2: دهب 995
A3: من تاريخ :
A4: إلى تاريخ :
A5: التاريخ | B5: دخول | C5: خروج | D5: الرصيد | E5: البيان
B6: 74.31 | D6: =B6-C6 -> 74.31
B7: 986.31 | D7: =D6+B7-C7 -> 1060.62 | E7: مستلم من احمد
C8: 834.16 | D8: =D7+B8-C8 -> 226.46 | E8: تسليم شجر عدد 4
A9: 46161 | B9: 145.96 | D9: =D8+B9-C9 -> 372.42
A10: 46161 | C10: 150 | D10: =D9+B10-C10 -> 222.42 | E10: تسليم ناتو 199.53غ // 18 للسحب
A11: 46163 | C11: 200 | D11: =D10+B11-C11 -> 22.42 | E11: للسحب // 482.74 غ
A12: 46164 | B12: 536.9 | D12: =D11+B12-C12 -> 559.32 | E12: مستلم من مازن
A13: 46164 | C13: 100.23 | D13: =D12+B13-C13 -> 459.09 | E13: تسليم لللحام رملي
A14: 46164 | C14: 400 | D14: =D13+B14-C14 -> 59.09 | E14: للسحب // غ 532.09 //18
A15: 46168 | B15: 700 | D15: =D14+B15-C15 -> 759.09 | E15: مستلم من مازن
A16: 46168 | C16: 708.7 | D16: =D15+B16-C16 -> 50.39 | E16: تسليم شجر عدد 4
A17: 46177 | B17: 689.3 | D17: =D16+B17-C17 -> 739.69 | E17: سبيكة سحب صب تبديل 915.81
A18: 46177 | B18: 92.12 | D18: =D17+B18-C18 -> 831.81 | E18: فاتورة 002805 محمد عمار
A19: 46178 | B19: 600 | D19: =D18+B19-C19 -> 1431.81 | E19: استلام رملي من تايغر
A20: 46181 | B20: 4653.29 | D20: =D19+B20-C20 -> 6085.1 | E20: استلام رملي من تايغر
A21: 46181 | C21: 1321.67 | D21: =D20+B21-C21 -> 4763.43 | E21: شجر عدد 6
A22: 46181 | B22: 29.04 | D22: =D21+B22-C22 -> 4792.47 | E22: تسليم مازن بلاك // 38.53 // 18
A23: 46182 | C23: 1244.69 | D23: =D22+B23-C23 -> 3547.78 | E23: تسليم مازن رملي
A24: 46182 | C24: 500.05 | D24: =D23+B24-C24 -> 3047.73 | E24: للسحب 665.17
A25: 46182 | C25: 20.27 | D25: =D24+B25-C25 -> 3027.46 | E25: مستلم محابس من عيسى
A26: 46182 | C26: 81.19 | D26: =D25+B26-C26 -> 2946.27 | E26: مستلم محابس من عيسى
A27: 46182 | C27: 64.57 | D27: =D26+B27-C27 -> 2881.7 | E27: مستلم سنسال فورسا
A28: 46182 | C28: 22.03 | D28: =D27+B28-C28 -> 2859.67 | E28: مستلم سنسال فورسا
A29: 46183 | C29: 1138.83 | D29: =D28+B29-C29 -> 1720.84 | E29: شجر عدد 5
A30: 46184 | B30: 88.54 | D30: =D29+B30-C30 -> 1809.38 | E30: ف 002812 // ريم كجوج
A31: 46185 | B31: 69.79 | D31: =D30+B31-C31 -> 1879.17 | E31: ف 002810 // محمد عمار
A32: 46188 | C32: 393.01 | D32: =D31+B32-C32 -> 1486.16 | E32: صب شجر عدد 2
A33: 46188 | C33: 50.02 | D33: =D32+B33-C33 -> 1436.14 | E33: قفل
A34: 46190 | B34: 240.88 | D34: =D33+B34-C34 -> 1677.02 | E34: ف 002816 // عطولي
A35: 46190 | B35: 34.84 | D35: =D34+B35-C35 -> 1711.86 | E35: ف 002817 // تايغر
A36: 46190 | C36: 37.37 | D36: =D35+B36-C36 -> 1674.49 | E36: تبديل على كسر
A37: 46190 | B37: 31.07 | D37: =D36+B37-C37 -> 1705.56 | E37: شراء
A38: 46196 | C38: 1321.87 | D38: =D37+B38-C38 -> 383.69 | E38: صب شجر عدد 5
A39: 46197 | B39: 60 | D39: =D38+B39-C39 -> 443.69 | E39: شراء
A40: 46198 | B40: 120.15 | D40: =D39+B40-C40 -> 563.84 | E40: علي زهور
A41: 46198 | C41: 53.49 | D41: =D40+B41-C41 -> 510.35 | E41: فورسا
A42: 46198 | C42: 400 | D42: =D41+B42-C42 -> 110.35 | E42: تسليم ناتو للسحب 532.09
A43: 46198 | B43: 32.06 | D43: =D42+B43-C43 -> 142.41 | E43: سبيكة S37
A44: 46198 | B44: 4.68 | D44: =D43+B44-C44 -> 147.09 | E44: مازن
A45: 46198 | C45: 180.6 | D45: =D44+B45-C45 -> -33.51 | E45: شجر عدد 6
A46: 46198 | C46: 8.2 | D46: =D45+B46-C46 -> -41.71 | E46: اسوارة تركيب
A47: 46203 | B47: 6.59 | D47: =D46+B47-C47 -> -35.12 | E47: اسوارة تركيب
A48: 46204 | B48: 92.87 | D48: =D47+B48-C48 -> 57.75 | E48: ف 002824 // محمد سعيفان
A49: 46204 | C49: 0.43 | D49: =D48+B49-C49 -> 57.32 | E49: قفل
A50: 46204 | B50: 2.02 | D50: =D49+B50-C50 -> 59.34 | E50: تكبير بلاك هاني
A51: 46204 | D51: =D50+B51-C51 -> 59.34 | E51: طوني سعد
A52: 46205 | C52: 3632.3 | D52: =D51+B52-C52 -> -3572.96 | E52: صب شجر عدد 7
A53: 46206 | B53: 155.5 | D53: =D52+B53-C53 -> -3417.46 | E53: ف 002814 // جرادي محل
A54: 46206 | B54: 200 | D54: =D53+B54-C54 -> -3217.46 | E54: طوني سعد
A55: 46206 | B55: 28.34 | D55: =D54+B55-C55 -> -3189.12 | E55: ف 002826 // جرادي محل
A56: 46206 | B56: 31.1 | D56: =D55+B56-C56 -> -3158.02 | E56: ف 002828 // سليم عطالله
A57: 46206 | B57: 170.42 | D57: =D56+B57-C57 -> -2987.6 | E57: ف 002829 // طوني سعد
A58: 46206 | C58: 380 | D58: =D57+B58-C58 -> -3367.6 | E58: للصب 505.48
A59: 46206 | B59: 2618.56 | D59: =D58+B59-C59 -> -749.04 | E59: سبيكة T 19
A60: 46206 | B60: 800 | D60: =D59+B60-C60 -> 50.96 | E60: من تايغر
A61: 46206 | B61: =181.11+155.5+31.02 -> 367.63 | D61: =D60+B61-C61 -> 418.59 | E61: ف 002830 // محمد قنديل
A62: 46209 | B62: 26.81 | D62: =D61+B62-C62 -> 445.4 | E62: ف 002809 / 002811 // ابو اكرم
A63: 46209 | C63: 70.67 | D63: =D62+B63-C63 -> 374.73 | E63: فورسا
A64: 46209 | C64: 19.32 | D64: =D63+B64-C64 -> 355.41 | E64: zareh
A65: 46210 | B65: 31.1 | D65: =D64+B65-C65 -> 386.51 | E65: ف 002825 // جرادي
A66: 46210 | B66: 154.73 | D66: =D65+B66-C66 -> 541.24 | E66: ف 002831 // عطولي
A67: 46210 | C67: 100 | D67: =D66+B67-C67 -> 441.24 | E67: للسحب
A68: 46211 | B68: 1000 | D68: =D67+B68-C68 -> 1441.24 | E68: مستلم من تايغر
A69: 46211 | C69: 1268.17 | D69: =D68+B69-C69 -> 173.07 | E69: صب شجر عدد 6
A70: 46211 | B70: 1208.74 | D70: =D69+B70-C70 -> 1381.81 | E70: صب كسر 18//21
A71: 46211 | C71: 1208.74 | D71: =D70+B71-C71 -> 173.07 | E71: مدفوع لتايغر
A72: 46212 | B72: 74.55 | D72: =D71+B72-C72 -> 247.62 | E72: ف 002841 // مارك
A73: 46216 | B73: 62.2 | D73: =D72+B73-C73 -> 309.82 | E73: شراء 2 اونصة وطني
A74: 46216 | B74: =83.25+10.42 -> 93.67 | D74: =D73+B74-C74 -> 403.49 | E74: ف 002845 // جرادي محل
A75: 46217 | B75: 2000 | D75: =D74+B75-C75 -> 2403.49 | E75: مستلم من تايغر
A76: 46217 | C76: 1121.34 | D76: =D75+B76-C76 -> 1282.15 | E76: صب شجر عدد 6
A77: 46218 | C77: 1000 | D77: =D76+B77-C77 -> 282.15 | E77: تسليم للسحب
A78: 46218 | C78: 89.32 | D78: =D77+B78-C78 -> 192.83 | E78: للحام مصطفى
A79: 46218 | B79: 13.25 | D79: =D78+B79-C79 -> 206.08 | E79: ف 002849 // نور حسون
A80: 46218 | B80: 34.64 | D80: =D79+B80-C80 -> 240.72 | E80: ف 002848 // حسن اسماعيل
A81: 46220 | B81: 12.94 | D81: =D80+B81-C81 -> 253.66 | E81: ف 002839 // الزاوية
A82: 46220 | B82: 31.1 | D82: =D81+B82-C82 -> 284.76 | E82: ف 002846 // محمد سعيفان
A83: 46220 | B83: 210.8 | D83: =D82+B83-C83 -> 495.56 | E83: ف 002905 // توفيق عطولي
A84: 46223 | B84: 146.76 | D84: =D83+B84-C84 -> 642.32 | E84: ف 002907 // ابو اكرم
A85: 46223 | B85: 244.68 | D85: =D84+B85-C85 -> 887 | E85: ف 002908 // محمد طالب
A86: 46223 | B86: 46.41 | D86: =D85+B86-C86 -> 933.41 | E86: ف 002909 // محمد عمار
A87: 46224 | B87: 1000.06 | D87: =D86+B87-C87 -> 1933.47 | E87: استلام رملي من الجردة ناتو
A88: 46224 | C88: 120 | D88: =D87+B88-C88 -> 1813.47 | E88: سحب لمصطفى 18
A89: 46224 | C89: 30 | D89: =D88+B89-C89 -> 1783.47 | E89: سحب لمصطفى 21
A90: 46224 | C90: 600 | D90: =D89+B90-C90 -> 1183.47 | E90: سحب لمصطفى 21
A91: 46224 | C91: 1164.38 | D91: =D90+B91-C91 -> 19.09 | E91: صب شجر عدد 6
A92: 46224 | C92: 1000.05 | D92: =D91+B92-C92 -> -980.96
A93: 46224 | C93: 73.05 | D93: =D92+B93-C93 -> -1054.01
A94: 46225 | C94: 100 | D94: =D93+B94-C94 -> -1154.01 | E94: ناتو لحام
A95: 46226 | B95: 155.5 | D95: =D94+B95-C95 -> -998.51 | E95: شراء 5 اونصات
A96: 46226 | B96: 217.7 | D96: =D95+B96-C96 -> -780.81 | E96: شراء 7 اونصات
A97: 46226 | B97: =520.47+147.36 -> 667.83 | D97: =D96+B97-C97 -> -112.98 | E97: ف 002912 // محمد قنديل
A98: 46226 | B98: 17.83 | D98: =D97+B98-C98 -> -95.15 | E98: ف 002914 // جرادي محل
A99: 46226 | B99: 44.64 | D99: =D98+B99-C99 -> -50.51 | E99: ف 002918 // نور حسون
A100: 46230 | C100: 1340.43 | D100: =D99+B100-C100 -> -1390.94 | E100: صب شجر عدد 6
A101: 46230 | C101: 750 | D101: =D100+B101-C101 -> -2140.94 | E101: سحب لمصطفى 18
...

Sheet فضة
A2: فضة
A3: من تاريخ :
A4: إلى تاريخ :
A5: التاريخ | B5: دخول | C5: خروج | D5: الرصيد | E5: البيان
A6: 46157 | B6: 1000 | D6: =B6-C6 -> 1000 | E6: من المساهمين
A7: 46157 | C7: 574.51 | D7: =D6+B7-C7 -> 425.49
A8: 46161 | C8: 137.72 | D8: =D7+B8-C8 -> 287.77 | E8: شجر عدد 4
A9: 46161 | C9: 25.53 | D9: =D8+B9-C9 -> 262.24 | E9: تسليم ناتو 199.53غ للسحب
A10: 46163 | C10: 34.04 | D10: =D9+B10-C10 -> 228.2
A11: 46164 | C11: 68.08 | D11: =D10+B11-C11 -> 160.12
A12: 46167 | B12: 7000 | D12: =D11+B12-C12 -> 7160.12 | E12: من المساهمين المجموع 8 كيلو
C13: 117.01 | D13: =D12+B13-C13 -> 7043.11 | E13: شجر عدد 4
A14: 46181 | C14: 218.21 | D14: =D13+B14-C14 -> 6824.9
A15: 46182 | C15: 80 | D15: =D14+B15-C15 -> 6744.9
A16: 46183 | C16: 188.03 | D16: =D15+B16-C16 -> 6556.87
A17: 46188 | C17: 64.89 | D17: =D16+B17-C17 -> 6491.98
A18: 46196 | C18: 218.25 | D18: =D17+B18-C18 -> 6273.73 | E18: شجر عدد 5
A19: 46198 | C19: 29.81 | D19: =D18+B19-C19 -> 6243.92 | E19: شجر عدد 6
A20: 46205 | C20: 599.72 | D20: =D19+B20-C20 -> 5644.2 | E20: شجر عدد 7
A21: 46206 | C21: 60.8 | D21: =D20+B21-C21 -> 5583.4 | E21: للصب 505.48
A22: 46211 | C22: 209.38 | D22: =D21+B22-C22 -> 5374.02 | E22: شجر عدد 6
A23: 46217 | C23: 185.14 | D23: =D22+B23-C23 -> 5188.88 | E23: شجر عدد 6
A24: 46218 | C24: 160 | D24: =D23+B24-C24 -> 5028.88 | E24: سحب
A25: 46230 | C25: 27.94 | D25: =D24+B25-C25 -> 5000.94
A26: 46230 | C26: 221.31 | D26: =D25+B26-C26 -> 4779.63
A27: 46230 | C27: 120 | D27: =D26+B27-C27 -> 4659.63
A28: 46230 | C28: 12 | D28: =D27+B28-C28 -> 4647.63
A29: 46230 | C29: 176.66 | D29: =D28+B29-C29 -> 4470.97
C30: 48 | D30: =D29+B30-C30 -> 4422.97
C31: 16 | D31: =D30+B31-C31 -> 4406.97
C32: 289.26 | D32: =D31+B32-C32 -> 4117.71
C33: 16 | D33: =D32+B33-C33 -> 4101.71
C34: 853.24 | D34: =D33+B34-C34 -> 3248.47
C35: 165.1 | D35: =D34+B35-C35 -> 3083.37
C36: 190.74 | D36: =D35+B36-C36 -> 2892.63
C37: 72.12 | D37: =D36+B37-C37 -> 2820.51
C38: 522.45 | D38: =D37+B38-C38 -> 2298.06
C39: 210 | D39: =D38+B39-C39 -> 2088.06
C40: 122.3 | D40: =D39+B40-C40 -> 1965.76
C41: 115.37 | D41: =D40+B41-C41 -> 1850.39
... C54: 149.09 | D54: =D53+B54-C54 -> 222.02
A55: 46286 | B55: 7200 | D55: =D54+B55-C55 -> 7422.02 | E55: استلام من مازن
A56: 46286 | C56: 746.84 | D56: =D55+B56-C56 -> 6675.18 | E56: تسليم تسولاك
D57: =D56+B57-C57 -> 6675.18
D58: =D57+B58-C58 -> 6675.18
D59: =D58+B59-C59 -> 6675.18
D60: =D59+B60-C60 -> 6675.18
D61: =D60+B61-C61 -> 6675.18
D62: =D61+B62-C62 -> 6675.18
D63: =D62+B63-C63 -> 6675.18
D64: =D63+B64-C64 -> 6675.18
D65: =D64+B65-C65 -> 6675.18
D66: =D65+B66-C66 -> 6675.18
D67: =D66+B67-C67 -> 6675.18
D68: =D67+B68-C68 -> 6675.18
... D129: =D128+B129-C129 -> 6675.18
A130: المجموع | B130: =SUM(B6:B129) -> 15200 | C130: =SUM(C6:C129) -> 8524.82 | D130: =B130-C130 -> 6675.18
A131: الرصيد | B131: =B130-C130 -> 6675.18

Sheet Alloy Cast
A2: Alloy Cast
A3: من تاريخ :
A4: إلى تاريخ :
A5: التاريخ | B5: مدفوع له | C5: مستلم منه | D5: الرصيد | E5: البيان
B6: 3000 | D6: =B6-C6 -> 3000
C7: 376.48 | D7: =D6+B7-C7 -> 2623.52
A8: 46161 | C8: 137.72 | D8: =D7+B8-C8 -> 2485.8 | E8: شجر عدد 4
A9: 46168 | C9: 117.01 | D9: =D8+B9-C9 -> 2368.79 | E9: شجر عدد 4
A10: 46181 | C10: 218.21 | D10: =D9+B10-C10 -> 2150.58 | E10: شجر عدد 6
A11: 46183 | C11: 188.03 | D11: =D10+B11-C11 -> 1962.55
A12: 46188 | C12: 64.89 | D12: =D11+B12-C12 -> 1897.66
A13: 46196 | C13: 218.25 | D13: =D12+B13-C13 -> 1679.41 | E13: شجر عدد 5
A14: 46198 | C14: 29.81 | D14: =D13+B14-C14 -> 1649.6 | E14: شجر عدد 6
A15: 46205 | C15: 599.72 | D15: =D14+B15-C15 -> 1049.88 | E15: شجر عدد 7
A16: 46211 | C16: 209.38 | D16: =D15+B16-C16 -> 840.5 | E16: شجر عدد 6
C17: 185.14 | D17: =D16+B17-C17 -> 655.36 | E17: شجر عدد 6
A18: 46230 | C18: 221.31 | D18: =D17+B18-C18 -> 434.05 | E18: شجر عدد 6
A19: 46230 | C19: 176.66 | D19: =D18+B19-C19 -> 257.39 | E19: شجر عدد 6
A20: 46238 | C20: 257.39 | D20: =D19+B20-C20 -> 0
A21: 46247 | B21: 5000 | D21: =D20+B21-C21 -> 5000 | E21: مستلم
A22: 46247 | C22: 190.74 | D22: =D21+B22-C22 -> 4809.26
A23: 46251 | C23: 522.45 | D23: =D22+B23-C23 -> 4286.81
C24: 210 | D24: =D23+B24-C24 -> 4076.81
C25: 115.37 | D25: =D24+B25-C25 -> 3961.44
C26: 80.25 | D26: =D25+B26-C26 -> 3881.19
C27: 225.88 | D27: =D26+B27-C27 -> 3655.31
C28: 92.46 | D28: =D27+B28-C28 -> 3562.85
C29: 194.71 | D29: =D28+B29-C29 -> 3368.14
C30: 168.03 | D30: =D29+B30-C30 -> 3200.11
C31: 118.88 | D31: =D30+B31-C31 -> 3081.23
C32: 99.01 | D32: =D31+B32-C32 -> 2982.22
C33: 99.69 | D33: =D32+B33-C33 -> 2882.53
C34: 149.09 | D34: =D33+B34-C34 -> 2733.44
D35: =D34+B35-C35 -> 2733.44
D36: =D35+B36-C36 -> 2733.44
D37: =D36+B37-C37 -> 2733.44
D38: =D37+B38-C38 -> 2733.44
D39: =D38+B39-C39 -> 2733.44
D40: =D39+B40-C40 -> 2733.44
D41: =D40+B41-C41 -> 2733.44
D42: =D41+B42-C42 -> 2733.44
D43: =D42+B43-C43 -> 2733.44
D44: =D43+B44-C44 -> 2733.44
D45: =D44+B45-C45 -> 2733.44
D46: =D45+B46-C46 -> 2733.44
... D102: =D101+B102-C102 -> 2733.44
A103: المجموع | B103: =SUM(B6:B102) -> 8000 | C103: =SUM(C6:C102) -> 5266.56 | D103: =B103-C103 -> 2733.44
A104: الرصيد | B104: =B103-C103 -> 2733.44

Sheet Alloy سحب
A2: Alloy سحب
A3: من تاريخ :
A4: إلى تاريخ :
A5: التاريخ | B5: دخول | C5: خروج | D5: الرصيد | E5: البيان
A6: 46157 | B6: 1000 | D6: =B6-C6 -> 1000
C7: 203.33 | D7: =D6+B7-C7 -> 796.67
A8: 46161 | C8: 24 | D8: =D7+B8-C8 -> 772.67
A9: 46163 | C9: 32 | D9: =D8+B9-C9 -> 740.67
A10: 46164 | C10: 64 | D10: =D9+B10-C10 -> 676.67
A11: 46182 | C11: 85.11 | D11: =D10+B11-C11 -> 591.56
B12: 2000 | D12: =D11+B12-C12 -> 2591.56
A13: 46206 | C13: 64.68 | D13: =D12+B13-C13 -> 2526.88 | E13: للصب 505.48
A14: 46210 | C14: 11 | D14: =D13+B14-C14 -> 2515.88
A15: 46218 | C15: 170.21 | D15: =D14+B15-C15 -> 2345.67
C16: 55.89 | D16: =D15+B16-C16 -> 2289.78
C17: 2.8 | D17: =D16+B17-C17 -> 2286.98
C18: 11.64 | D18: =D17+B18-C18 -> 2275.34
C19: 127.66 | D19: =D18+B19-C19 -> 2147.68
C20: 12.77 | D20: =D19+B20-C20 -> 2134.91
C21: 51.06 | D21: =D20+B21-C21 -> 2083.85
C22: 17.02 | D22: =D21+B22-C22 -> 2066.83
C23: 8.8 | D23: =D22+B23-C23 -> 2058.03
C24: 31.87 | D24: =D23+B24-C24 -> 2026.16
C25: 17.02 | D25: =D24+B25-C25 -> 2009.14
C26: 853.24 | D26: =D25+B26-C26 -> 1155.9
A27: 46245 | B27: 2000 | D27: =D26+B27-C27 -> 3155.9
A28: 46247 | C28: 165.1 | D28: =D27+B28-C28 -> 2990.8
A29: 46248 | C29: 76.72 | D29: =D28+B29-C29 -> 2914.08
C30: 130.11 | D30: =D29+B30-C30 -> 2783.97
C31: 34.04 | D31: =D30+B31-C31 -> 2749.93
C32: 14.85 | D32: =D31+B32-C32 -> 2735.08
C33: 65.27 | D33: =D32+B33-C33 -> 2669.81
C34: 128.66 | D34: =D33+B34-C34 -> 2541.15
D35: =D34+B35-C35 -> 2541.15
D36: =D35+B36-C36 -> 2541.15
D37: =D36+B37-C37 -> 2541.15
D38: =D37+B38-C38 -> 2541.15
D39: =D38+B39-C39 -> 2541.15
D40: =D39+B40-C40 -> 2541.15
D41: =D40+B41-C41 -> 2541.15
D42: =D41+B42-C42 -> 2541.15
D43: =D42+B43-C43 -> 2541.15
D44: =D43+B44-C44 -> 2541.15
D45: =D44+B45-C45 -> 2541.15
D46: =D45+B46-C46 -> 2541.15
... D114: =D113+B114-C114 -> 2541.15
A115: المجموع | B115: =SUM(B6:B114) -> 5000 | C115: =SUM(C6:C114) -> 2458.85 | D115: =B115-C115 -> 2541.15
A116: الرصيد | B116: =B115-C115 -> 2541.15

Sheet كسر 18 صب
A2: كسر 750 | D2: صب
A3: من تاريخ :
A4: إلى تاريخ :
A5: التاريخ | B5: دخول | C5: خروج | D5: الرصيد | E5: البيان
B6: 1727.63 | D6: =B6-C6 -> 1727.63
A7: 46161 | C7: 1670.91 | D7: =D6+B7-C7 -> 56.72 | E7: شجر عدد 4
A8: 46163 | B8: 216.7 | D8: =D7+B8-C8 -> 273.42 | E8: استلام كسر 18 //
A9: 46163 | C9: 216.7 | D9: =D8+B9-C9 -> 56.72 | E9: للسحب // 482.74 غ
A10: 46168 | B10: 1958.59 | D10: =D9+B10-C10 -> 2015.31 | E10: استلام كسر 18 // صب
A11: 46168 | C11: 1417.09 | D11: =D10+B11-C11 -> 598.22 | E11: شجر عدد 4
A12: 46176 | B12: 2439.91 | D12: =D11+B12-C12 -> 3038.13 | E12: استلام كسر 18 // صب
A13: 46181 | C13: 2642.76 | D13: =D12+B13-C13 -> 395.37
A14: 46183 | B14: 3388.22 | D14: =D13+B14-C14 -> 3783.59 | E14: استلام كسر 18 // صب
A15: 46183 | C15: 2277.17 | D15: =D14+B15-C15 -> 1506.42 | E15: شجر عدد 5
A16: 46188 | C16: 785.84 | D16: =D15+B16-C16 -> 720.58 | E16: صب شجر عدد 2
A17: 46188 | B17: 3065.45 | D17: =D16+B17-C17 -> 3786.03 | E17: استلام كسر 18 // صب
A18: 46189 | C18: 3740.17 | D18: =D17+B18-C18 -> 45.86 | E18: صب شجر عدد 5
A19: 46196 | B19: 3549.45 | D19: =D18+B19-C19 -> 3595.31 | E19: استلام كسر 18 // صب
A20: 46196 | C20: 2643.17 | D20: =D19+B20-C20 -> 952.14 | E20: صب شجر عدد 5
A21: 46198 | B21: 3093.16 | D21: =D20+B21-C21 -> 4045.3 | E21: استلام كسر 18 // صب
A22: 46198 | C22: 3978.19 | D22: =D21+B22-C22 -> 67.11 | E22: صب شجر عدد 6
A23: 46198 | B23: 4251.66 | D23: =D22+B23-C23 -> 4318.77 | E23: استلام كسر 18 // صب
A24: 46211 | C24: 2535.79 | D24: =D23+B24-C24 -> 1782.98 | E24: صب شجر عدد 6
A25: 46217 | B25: 3116.09 | D25: =D24+B25-C25 -> 4899.07 | E25: استلام كسر 18 // صب
A26: 46217 | C26: 2242.19 | D26: =D25+B26-C26 -> 2656.88 | E26: صب شجر عدد 6
A27: 46223 | B27: 2967.17 | D27: =D26+B27-C27 -> 5624.05 | E27: استلام كسر 18 // صب
A28: 46223 | B28: 2562.54 | D28: =D27+B28-C28 -> 8186.59 | E28: استلام كسر 18 // صب
A29: 46224 | C29: 2328.26 | D29: =D28+B29-C29 -> 5858.33
A30: 46224 | C30: 4000.95 | D30: =D29+B30-C30 -> 1857.38
A31: 46224 | C31: 613.19 | D31: =D30+B31-C31 -> 1244.19
A32: 46230 | B32: 3614.99 | D32: =D31+B32-C32 -> 4859.18 | E32: استلام كسر 18 // صب
A33: 46230 | C33: 2680.29 | D33: =D32+B33-C33 -> 2178.89 | E33: صب شجر عدد 6
A34: 46230 | B34: 3821.1 | D34: =D33+B34-C34 -> 5999.99 | E34: استلام كسر 18 // صب
A35: 46230 | C35: 3075.16 | D35: =D34+B35-C35 -> 2924.83 | E35: صب شجر عدد 6
A36: 46232 | B36: 106.56 | D36: =D35+B36-C36 -> 3031.39 | E36: استلام كسر 18 // صب
A37: 46237 | B37: 3758.53 | D37: =D36+B37-C37 -> 6789.92 | E37: استلام كسر 18 // صب
C38: 3503.15 | D38: =D37+B38-C38 -> 3286.77 | E38: صب شجر عدد 6
B39: 2955.87 | D39: =D38+B39-C39 -> 6242.64
B40: 527.68 | D40: =D39+B40-C40 -> 6770.32
C41: 271.01 | D41: =D40+B41-C41 -> 6499.31 | E41: للصب
B42: 5418.8 | D42: =D41+B42-C42 -> 11918.11
B43: 4701.44 | D43: =D42+B43-C43 -> 16619.55
C44: 3647.73 | D44: =D43+B44-C44 -> 12971.82 | E44: صب شجر عدد 6
C45: 5419 | D45: =D44+B45-C45 -> 7552.82 | E45: صب وتبديل عند بوغوص
A46: 46247 | B46: 3092.55 | D46: =D45+B46-C46 -> 10645.37 | E46: استلام كسر 18 // صب
A47: 46247 | C47: 6492.25 | D47: =D46+B47-C47 -> 4153.12 | E47: تعديل جردة
A48: 46247 | C48: 2314.11 | D48: =D47+B48-C48 -> 1839.01 | E48: صب شجر
A49: 46251 | B49: 3454.29 | D49: =D48+B49-C49 -> 5293.3 | E49: استلام كسر 18 // صب
A50: 46252 | C50: 5293.3 | D50: =D49+B50-C50 -> 0 | E50: صب وتبديل عند تايغر
A51: 46253 | B51: 4482.52 | D51: =D50+B51-C51 -> 4482.52 | E51: استلام كسر 18 // صب
A52: 46253 | C52: 4253.91 | D52: =D51+B52-C52 -> 228.61 | E52: صب شجر عدد 6
A53: 46254 | B53: 2711.14 | D53: =D52+B53-C53 -> 2939.75 | E53: استلام كسر 18 // صب
A54: 46255 | C54: 2547.64 | D54: =D53+B54-C54 -> 392.11 | E54: صب شجر
A55: 46258 | B55: 3123.6 | D55: =D54+B55-C55 -> 3515.71 | E55: استلام كسر 18 // صب
A56: 46258 | C56: 1399.68 | D56: =D55+B56-C56 -> 2116.03 | E56: صب شجر
A57: 46259 | B57: 2079.18 | D57: =D56+B57-C57 -> 4195.21 | E57: استلام كسر 18 // صب
A58: 46261 | C58: 4190.41 | D58: =D57+B58-C58 -> 4.8 | E58: صب شجر
A59: 46261 | B59: 4412 | D59: =D58+B59-C59 -> 4416.8 | E59: استلام كسر 18 // صب
A60: 46262 | C60: 2740.42 | D60: =D59+B60-C60 -> 1676.38 | E60: صب شجر
A61: 46265 | B61: 3689.14 | D61: =D60+B61-C61 -> 5365.52
A62: 46267 | B62: 2895.79 | D62: =D61+B62-C62 -> 8261.31
A63: 46267 | C63: 3812.44 | D63: =D62+B63-C63 -> 4448.87
A64: 46268 | C64: 2362.33 | D64: =D63+B64-C64 -> 2086.54 | E64: صب شجر
A65: 46273 | B65: 3714.06 | D65: =D64+B65-C65 -> 5800.6
A66: 46275 | B66: 699.1 | D66: =D65+B66-C66 -> 6499.7
C67: 2038.58 | D67: =D66+B67-C67 -> 4461.12 | E67: صب شجر
C68: 4171.49 | D68: =D67+B68-C68 -> 289.63
B69: 5234.41 | D69: =D68+B69-C69 -> 5524.04
A70: 46279 | C70: 1201.19 | D70: =D69+B70-C70 -> 4322.85 | E70: صب شجر
A71: 46282 | C71: 1209.46 | D71: =D70+B71-C71 -> 3113.39 | E71: صب شجر
A72: 46283 | B72: 3402.87 | D72: =D71+B72-C72 -> 6516.26
A73: 46283 | C73: 3571.16 | D73: =D72+B73-C73 -> 2945.1 | E73: صب شجر
A74: 46287 | C74: 2161.72 | D74: =D73+B74-C74 -> 783.38 | E74: صب شجر
C75: 783.38 | D75: =D74+B75-C75 -> 0
D76: =D75+B76-C76 -> 0
D77: =D76+B77-C77 -> 0
D78: =D77+B78-C78 -> 0
D79: =D78+B79-C79 -> 0
D80: =D79+B80-C80 -> 0
D81: =D80+B81-C81 -> 0
D82: =D81+B82-C82 -> 0
D83: =D82+B83-C83 -> 0
D84: =D83+B84-C84 -> 0
D85: =D84+B85-C85 -> 0
D86: =D85+B86-C86 -> 0
D87: =D86+B87-C87 -> 0
... D148: =D147+B148-C148 -> 0
A149: المجموع | B149: =SUM(B6:B148) -> 100232.19 | C149: =SUM(C6:C148) -> 100232.19 | D149: =B149-C149 -> 0
A150: الرصيد | B150: =B149-C149 -> 0
B153: =B150*748/995 -> 0

Sheet كسر 18 سحب
A2: كسر 750 | D2: سحب
A3: من تاريخ :
A4: إلى تاريخ :
A5: التاريخ | B5: دخول | C5: خروج | D5: الرصيد | E5: البيان
D6: =B6-C6 -> 0
D7: =D6+B7-C7 -> 0
D8: =D7+B8-C8 -> 0
D9: =D8+B9-C9 -> 0
D10: =D9+B10-C10 -> 0
D11: =D10+B11-C11 -> 0
D12: =D11+B12-C12 -> 0
D13: =D12+B13-C13 -> 0
D14: =D13+B14-C14 -> 0
D15: =D14+B15-C15 -> 0
D16: =D15+B16-C16 -> 0
D17: =D16+B17-C17 -> 0
D18: =D17+B18-C18 -> 0
... D102: =D101+B102-C102 -> 0
A103: المجموع | B103: =SUM(B6:B102) -> 0 | C103: =SUM(C6:C102) -> 0 | D103: =B103-C103 -> 0
A104: الرصيد | B104: =B103-C103 -> 0

Sheet كسر 21 صب
A2: كسر 875 | D2: صب
A3: من تاريخ :
A4: إلى تاريخ :
A5: التاريخ | B5: مدفوع له | C5: مستلم منه | D5: الرصيد | E5: البيان
D6: =B6-C6 -> 0
D7: =D6+B7-C7 -> 0
D8: =D7+B8-C8 -> 0
D9: =D8+B9-C9 -> 0
D10: =D9+B10-C10 -> 0
D11: =D10+B11-C11 -> 0
D12: =D11+B12-C12 -> 0
D13: =D12+B13-C13 -> 0
D14: =D13+B14-C14 -> 0
D15: =D14+B15-C15 -> 0
D16: =D15+B16-C16 -> 0
D17: =D16+B17-C17 -> 0
D18: =D17+B18-C18 -> 0
... D102: =D101+B102-C102 -> 0
A103: المجموع | B103: =SUM(B6:B102) -> 0 | C103: =SUM(C6:C102) -> 0 | D103: =B103-C103 -> 0
A104: الرصيد | B104: =B103-C103 -> 0

Sheet كسر 21 سحب
A2: كسر 875 | D2: سحب
A3: من تاريخ :
A4: إلى تاريخ :
A5: التاريخ | B5: مدفوع له | C5: مستلم منه | D5: الرصيد | E5: البيان
D6: =B6-C6 -> 0
D7: =D6+B7-C7 -> 0
D8: =D7+B8-C8 -> 0
D9: =D8+B9-C9 -> 0
D10: =D9+B10-C10 -> 0
D11: =D10+B11-C11 -> 0
D12: =D11+B12-C12 -> 0
D13: =D12+B13-C13 -> 0
D14: =D13+B14-C14 -> 0
D15: =D14+B15-C15 -> 0
D16: =D15+B16-C16 -> 0
D17: =D16+B17-C17 -> 0
D18: =D17+B18-C18 -> 0
... D102: =D101+B102-C102 -> 0
A103: المجموع | B103: =SUM(B6:B102) -> 0 | C103: =SUM(C6:C102) -> 0 | D103: =B103-C103 -> 0
A104: الرصيد | B104: =B103-C103 -> 0

Sheet مشغول 21
A2: مشغول 875 | G2: اجور دولار
A3: من تاريخ :
A4: إلى تاريخ : | G4: إلى تاريخ :
A5: التاريخ | B5: مستلم من تصنيع | C5: تسليم زبائن | D5: الرصيد | E5: البيان | G5: التاريخ | H5: تسليم | I5: استلام | J5: الرصيد | K5: البيان
A6: 46178 | B6: 389.45 | D6: =B6-C6 -> 389.45 | E6: مستلم من اورا مشغول 21 | G6: 46226 | I6: 230 | J6: =H6-I6 -> -230 | K6: ف 002918 // نور حسون
A7: 46225 | B7: 355.74 | D7: =D6+B7-C7 -> 745.19 | E7: محابس | G7: 46230 | I7: 1334 | J7: =J6+H7-I7 -> -1564 | K7: ف 002920 // محمد قنديل
A8: 46226 | C8: 70.77 | D8: =D7+B8-C8 -> 674.42 | E8: ف 002918 // نور حسون | G8: 46234 | I8: 25 | J8: =J7+H8-I8 -> -1589 | K8: مبيع
A9: 46230 | C9: 355.74 | D9: =D8+B9-C9 -> 318.68 | E9: ف 002920 // محمد قنديل | J9: =J8+H9-I9 -> -1589
A10: 46234 | C10: 14.57 | D10: =D9+B10-C10 -> 304.11 | E10: مبيع | J10: =J9+H10-I10 -> -1589
A11: 46247 | C11: 223.76 | D11: =D10+B11-C11 -> 80.35 | E11: تعديل جردة | J11: =J10+H11-I11 -> -1589
A12: 46268 | B12: 64 | D12: =D11+B12-C12 -> 144.35 | E12: 8 ليرات | J12: =J11+H12-I12 -> -1589
A13: 46286 | C13: 24 | D13: =D12+B13-C13 -> 120.35 | E13: مبيع 3 ليرات | J13: =J12+H13-I13 -> -1589
C14: 120.35 | D14: =D13+B14-C14 -> 0 | J14: =J13+H14-I14 -> -1589
D15: =D14+B15-C15 -> 0 | J15: =J14+H15-I15 -> -1589
D16: =D15+B16-C16 -> 0 | J16: =J15+H16-I16 -> -1589
D17: =D16+B17-C17 -> 0 | J17: =J16+H17-I17 -> -1589
D18: =D17+B18-C18 -> 0 | J18: =J17+H18-I18 -> -1589
D19: =D18+B19-C19 -> 0 | J19: =J18+H19-I19 -> -1589
D20: =D19+B20-C20 -> 0 | J20: =J19+H20-I20 -> -1589
D21: =D20+B21-C21 -> 0 | J21: =J20+H21-I21 -> -1589
D22: =D21+B22-C22 -> 0 | J22: =J21+H22-I22 -> -1589
D23: =D22+B23-C23 -> 0 | J23: =J22+H23-I23 -> -1589
D24: =D23+B24-C24 -> 0 | J24: =J23+H24-I24 -> -1589
D25: =D24+B25-C25 -> 0 | J25: =J24+H25-I25 -> -1589
D26: =D25+B26-C26 -> 0 | J26: =J25+H26-I26 -> -1589
... D102: =D101+B102-C102 -> 0 | J102: =J101+H102-I102 -> -1589
A103: المجموع | B103: =SUM(B6:B102) -> 809.19 | C103: =SUM(C6:C102) -> 809.19 | D103: =B103-C103 -> 0 | J103: =J102+H103-I103 -> -1589
A104: الرصيد | B104: =B103-C103 -> 0 | J104: =J103+H104-I104 -> -1589
G105: المجموع | H105: =SUM(H6:H104) -> 0 | I105: =SUM(I6:I104) -> 1589 | J105: =H105-I105 -> -1589
G106: الرصيد | H106: =H105-I105 -> -1589
J305: =H106 -> -1589 | K305: الرصيد

Sheet مشغول 18
A2: مشغول 750 | G2: اجور دولار
A3: من تاريخ :
A4: إلى تاريخ : | G4: إلى تاريخ :
A5: التاريخ | B5: مستلم من تصنيع | C5: تسليم زبائن | D5: الرصيد | E5: البيان | G5: التاريخ | H5: تسليم | I5: استلام | J5: الرصيد | K5: البيان
A6: 46157 | B6: 582.34 | D6: =B6-C6 -> 582.34 | E6: مستلم من ناتو مشغول 18 | G6: 46161 | I6: 678 | J6: =H6-I6 -> -678 | K6: تسليم محمد محابس 18 // 193.64 غ
A7: 46157 | B7: 193.64 | D7: =D6+B7-C7 -> 775.98 | E7: مستلم من ناتو مشغول 18 محابس | I7: 240 | J7: =J6+H7-I7 -> -918 | K7: تسليم الزاوية 32.34 غ //18
A8: 46161 | C8: 193.64 | D8: =D7+B8-C8 -> 582.34 | E8: تسليم محمد محابس 18 | I8: 317 | J8: =J7+H8-I8 -> -1235 | K8: تسليم وسيم تميمي مشغول 18 // 70.51 غ
A9: 46164 | C9: 32.34 | D9: =D8+B9-C9 -> 550 | E9: تسليم الزاوية | G9: 46168 | I9: 320 | J9: =J8+H9-I9 -> -1555 | K9: تسليم احمد كنجو مشغول 18
A10: 46167 | C10: 70.51 | D10: =D9+B10-C10 -> 479.49 | E10: تسليم وسيم تميمي مشغول 18 // 70.51 غ | G10: 46168 | I10: 258 | J10: =J9+H10-I10 -> -1813 | K10: تسليم محمد عيساوي مشغول 18
A11: 46167 | B11: 26.08 | D11: =D10+B11-C11 -> 505.57 | E11: مستلم من ناتو مشغول 18 | G11: 46177 | I11: 598 | J11: =J10+H11-I11 -> -2411 | K11: فاتورة 002803 محمد سعيفان
A12: 46168 | B12: 38.97 | D12: =D11+B12-C12 -> 544.54 | E12: مشغول 18 // 38.97 غ | G12: 46177 | I12: 117 | J12: =J11+H12-I12 -> -2528 | K12: فاتورة 002804 محمد سعيفان
A13: 46168 | C13: 42.75 | D13: =D12+B13-C13 -> 501.79 | E13: تسليم احمد كنجو مشغول 18 | G13: 46177 | I13: 643 | J13: =J12+H13-I13 -> -3171 | K13: فاتورة 002805 محمد عمار
A14: 46168 | B14: 31.31 | D14: =D13+B14-C14 -> 533.1 | E14: مستلم من ناتو مشغول 18 | G14: 46182 | I14: 193 | J14: =J13+H14-I14 -> -3364 | K14: تسليم مازن بلاك // 38.53 //
A15: 46168 | C15: 42.9 | D15: =D14+B15-C15 -> 490.2 | E15: تسليم محمد عيساوي مشغول 18 | G15: 46182 | H15: 108 | J15: =J14+H15-I15 -> -3256 | K15: مستلم محابس من عيسى
A16: 46176 | B16: 162.3 | D16: =D15+B16-C16 -> 652.5 | E16: مستلم من ناتو مشغول 18 | G16: 46182 | H16: 430 | J16: =J15+H16-I16 -> -2826 | K16: مستلم محابس من عيسى
A17: 46176 | B17: 22.64 | D17: =D16+B17-C17 -> 675.14 | E17: مستلم من ناتو مشغول 18 | G17: 46182 | H17: 150 | J17: =J16+H17-I17 -> -2676 | K17: مستلم سنسال فورسا
A18: 46176 | B18: 13.92 | D18: =D17+B18-C18 -> 689.06 | E18: كادر ليرة | G18: 46182 | H18: 52 | J18: =J17+H18-I18 -> -2624 | K18: مستلم سنسال فورسا
A19: 46177 | C19: 14.89 | D19: =D18+B19-C19 -> 674.17 | E19: تصليح الى ناتو | G19: 46184 | I19: 680 | J19: =J18+H19-I19 -> -3304 | K19: ف 002812 // ريم كجوج
A20: 46177 | C20: 15.7 | D20: =D19+B20-C20 -> 658.47 | E20: تصليح الى ناتو | G20: 46184 | I20: 72 | J20: =J19+H20-I20 -> -3376 | K20: ف 002807 // جرادي
A21: 46177 | C21: 114.65 | D21: =D20+B21-C21 -> 543.82 | E21: فاتورة 002803 محمد سعيفان | G21: 46185 | I21: 684 | J21: =J20+H21-I21 -> -4060 | K21: ف 002808 // عيساوي
A22: 46177 | C22: 21.23 | D22: =D21+B22-C22 -> 522.59 | E22: فاتورة 002804 محمد سعيفان | G22: 46185 | I22: 528 | J22: =J21+H22-I22 -> -4588 | K22: ف 002810 // محمد عمار
A23: 46177 | C23: 122.22 | D23: =D22+B23-C23 -> 400.37 | E23: فاتورة 002805 محمد عمار | G23: 46185 | I23: 197 | J23: =J22+H23-I23 -> -4785 | K23: ف 002813 // جرادي
A24: 46178 | C24: 10.14 | D24: =D23+B24-C24 -> 390.23 | E24: تصليح الى ناتو | G24: 46185 | I24: 333 | J24: =J23+H24-I24 -> -5118 | K24: مبيع مشغول 18
A25: 46178 | B25: 5323.75 | D25: =D24+B25-C25 -> 5713.98 | E25: مستلم من اورا مشغول 18 | G25: 46188 | H25: 234 | J25: =J24+H25-I25 -> -4884 | K25: قفل
A26: 46181 | C26: 38.53 | D26: =D25+B26-C26 -> 5675.45 | E26: تسليم مازن بلاك | G26: 46189 | I26: 615 | J26: =J25+H26-I26 -> -5499 | K26: ف 002815 // اسيل
A27: 46181 | B27: 369.25 | D27: =D26+B27-C27 -> 6044.7 | E27: مستلم من ناتو مشغول 18 | G27: 46190 | I27: 1423 | J27: =J26+H27-I27 -> -6922 | K27: ف 002816 // عطولي
A28: 46182 | B28: 107.72 | D28: =D27+B28-C28 -> 6152.42 | E28: مستلم محابس من عيسى | G28: 46190 | I28: 26 | J28: =J27+H28-I28 -> -6948 | K28: ف 002818 // نبهان
A29: 46182 | B29: 26.9 | D29: =D28+B29-C29 -> 6179.32 | E29: مستلم محابس من عيسى | G29: 46196 | I29: 480 | J29: =J28+H29-I29 -> -7428 | K29: ف 002821 // جرادي
A30: 46182 | B30: 85.67 | D30: =D29+B30-C30 -> 6264.99 | E30: مستلم سنسال فورسا | G30: 46197 | I30: 131 | J30: =J29+H30-I30 -> -7559 | K30: ف 002820 // محمد عمار
A31: 46182 | B31: 29.23 | D31: =D30+B31-C31 -> 6294.22 | E31: مستلم سنسال فورسا | G31: 46198 | I31: 511 | J31: =J30+H31-I31 -> -8070 | K31: علي زهور
A32: 46183 | C32: 69.4 | D32: =D31+B32-C32 -> 6224.82 | E32: تصليح الى ناتو | G32: 46198 | H32: 125 | J32: =J31+H32-I32 -> -7945 | K32: فورسا
A33: 46183 | B33: 4.05 | D33: =D32+B33-C33 -> 6228.87 | E33: مستلم من ناتو مشغول 18 | G33: 46198 | I33: 20 | J33: =J32+H33-I33 -> -7965 | K33: مازن
A34: 46183 | B34: 57.32 | D34: =D33+B34-C34 -> 6286.19 | E34: مستلم من ناتو مشغول 18 | G34: 46202 | H34: 99 | J34: =J33+H34-I34 -> -7866 | K34: اسوارة تركيب
A35: 46183 | B35: 6.52 | D35: =D34+B35-C35 -> 6292.71 | E35: مستلم من ناتو مشغول 18 | G35: 46203 | I35: 110 | J35: =J34+H35-I35 -> -7976 | K35: اسوارة تركيب
A36: 46184 | B36: 212.64 | D36: =D35+B36-C36 -> 6505.35 | E36: مستلم من ناتو مشغول 18 | G36: 46204 | I36: 730 | J36: =J35+H36-I36 -> -8706 | K36: ف 002824 // محمد سعيفان
A37: 46184 | C37: 117.47 | D37: =D36+B37-C37 -> 6387.88 | E37: ف 002812 // ريم كجوج | G37: 46204 | I37: 20 | J37: =J36+H37-I37 -> -8726 | K37: تكبير بلاك هاني
A38: 46184 | C38: 13.09 | D38: =D37+B38-C38 -> 6374.79 | E38: ف 002807 // جرادي | G38: 46206 | I38: 1187 | J38: =J37+H38-I38 -> -9913 | K38: ف 002814 // جرادي محل
A39: 46184 | B39: 175.26 | D39: =D38+B39-C39 -> 6550.05 | E39: مستلم من ناتو مشغول 18 | G39: 46206 | I39: 2912 | J39: =J38+H39-I39 -> -12825 | K39: ف 002819 // طوني سعد
A40: 46185 | C40: 127.92 | D40: =D39+B40-C40 -> 6422.13 | E40: ف 002808 // عيساوي | G40: 46206 | I40: 5820 | J40: =J39+H40-I40 -> -18645 | K40: ف 002822 // سليم عطالله
A41: 46185 | C41: 92.6 | D41: =D40+B41-C41 -> 6329.53 | E41: ف 002810 // محمد عمار | G41: 46206 | I41: 317 | J41: =J40+H41-I41 -> -18962 | K41: ف 002826 // جرادي محل
A42: 46185 | C42: 37.55 | D42: =D41+B42-C42 -> 6291.98 | E42: ف 002813 // جرادي | G42: 46206 | I42: 555 | J42: =J41+H42-I42 -> -19517 | K42: ف 002827 // محمد عيساوي
A43: 46185 | C43: 51.19 | D43: =D42+B43-C43 -> 6240.79 | E43: مبيع مشغول 18 | G43: 46206 | H43: 637 | J43: =J42+H43-I43 -> -18880 | K43: ف 002829 // طوني سعد
A44: 46185 | C44: 1.4 | D44: =D43+B44-C44 -> 6239.39 | E44: تصليح الى ناتو | G44: 46206 | I44: 4620 | J44: =J43+H44-I44 -> -23500 | K44: ف 002830 // محمد قنديل
A45: 46185 | B45: 0.2 | D45: =D44+B45-C45 -> 6239.59 | E45: زردة حلق مازن | G45: 46209 | I45: 195 | J45: =J44+H45-I45 -> -23695 | K45: ف 002809 / 002811 // ابو اكرم
A46: 46188 | C46: 85.67 | D46: =D45+B46-C46 -> 6153.92 | E46: فورسا | G46: 46210 | I46: 45 | J46: =J45+H46-I46 -> -23740 | K46: مبيع مشغول 18
A47: 46188 | C47: 4.63 | D47: =D46+B47-C47 -> 6149.29 | E47: تصليح | G47: 46210 | I47: 310 | J47: =J46+H47-I47 -> -24050 | K47: ف 002825 // جرادي
A48: 46189 | C48: 111.95 | D48: =D47+B48-C48 -> 6037.34 | E48: ف 002815 // اسيل | G48: 46210 | I48: 520 | J48: =J47+H48-I48 -> -24570 | K48: ف 002831 // عطولي
A49: 46189 | B49: 231.64 | D49: =D48+B49-C49 -> 6268.98 | E49: مشغول 18 | G49: 46210 | I49: 813 | J49: =J48+H49-I49 -> -25383 | K49: ف 002832 // جرادي محل
A50: 46189 | C50: 233.25 | D50: =D49+B50-C50 -> 6035.73 | E50: تسليم ناتو | G50: 46210 | I50: 605 | J50: =J49+H50-I50 -> -25988 | K50: ف 002833 // جرادي
A51: 46189 | B51: 361.32 | D51: =D50+B51-C51 -> 6397.05 | E51: مشغول 18 | G51: 46210 | H51: 90 | J51: =J50+H51-I51 -> -25898
A52: 46189 | C52: 63.43 | D52: =D51+B52-C52 -> 6333.62 | E52: تسليم ناتو | G52: 46212 | I52: 485 | J52: =J51+H52-I52 -> -26383 | K52: ف 002841 // مارك
A53: 46190 | C53: 18.92 | D53: =D52+B53-C53 -> 6314.7 | E53: تسليم ناتو | G53: 46212 | I53: 176 | J53: =J52+H53-I53 -> -26559 | K53: ف 002835 // عيساوي
A54: 46190 | B54: 63.97 | D54: =D53+B54-C54 -> 6378.67 | E54: مستلم من ناتو مشغول 18 | G54: 46212 | I54: 182 | J54: =J53+H54-I54 -> -26741 | K54: ف 002838 // عيساوي
A55: 46190 | B55: 26.07 | D55: =D54+B55-C55 -> 6404.74 | E55: مستلم من ناتو مشغول 18 | G55: 46213 | I55: 65 | J55: =J54+H55-I55 -> -26806 | K55: ف 002806 // صالح
A56: 46190 | C56: 319.57 | D56: =D55+B56-C56 -> 6085.17 | E56: ف 002816 // عطولي | G56: 46213 | I56: 65 | J56: =J55+H56-I56 -> -26871 | K56: ف 002823 // محمد عمار
A57: 46190 | C57: 5.61 | D57: =D56+B57-C57 -> 6079.56 | E57: ف 002818 // نبهان | G57: 46213 | I57: 23 | J57: =J56+H57-I57 -> -26894 | K57: ف 002840 // حسن جمال الدين
A58: 46190 | B58: 255.98 | D58: =D57+B58-C58 -> 6335.54 | E58: مستلم من ناتو مشغول 18 | G58: 46216 | I58: 4150 | J58: =J57+H58-I58 -> -31044 | K58: ف 002847 // ابو اكرم
A59: 46190 | C59: 68.06 | D59: =D58+B59-C59 -> 6267.48 | E59: تسليم ناتو | G59: 46216 | I59: 703 | J59: =J58+H59-I59 -> -31747 | K59: ف 002845 // جرادي محل
A60: 46190 | B60: 4.16 | D60: =D59+B60-C60 -> 6271.64 | E60: مستلم من ناتو مشغول 18 بيد مازن | G60: 46218 | I60: 79 | J60: =J59+H60-I60 -> -31826 | K60: ف 002849 // نور حسون
A61: 46190 | B61: 91.1 | D61: =D60+B61-C61 -> 6362.74 | E61: مستلم من ناتو مشغول 18 | G61: 46218 | I61: 230 | J61: =J60+H61-I61 -> -32056 | K61: ف 002848 // حسن اسماعيل
A62: 46190 | C62: 91.24 | D62: =D61+B62-C62 -> 6271.5 | E62: تسليم ناتو | G62: 46220 | I62: 3816 | J62: =J61+H62-I62 -> -35872 | K62: ف 002836 // سليم عطالله
A63: 46190 | B63: 89.33 | D63: =D62+B63-C63 -> 6360.83 | E63: مستلم من ناتو مشغول 18 | G63: 46220 | I63: 1029 | J63: =J62+H63-I63 -> -36901 | K63: ف 002837 // طوني سعد
A64: 46196 | B64: 1.73 | D64: =D63+B64-C64 -> 6362.56 | E64: مستلم من ناتو مشغول 18 | G64: 46220 | I64: 85 | J64: =J63+H64-I64 -> -36986 | K64: ف 002839 // الزاوية
A65: 46196 | B65: 449.74 | D65: =D64+B65-C65 -> 6812.3 | E65: مستلم من ناتو مشغول 18 | G65: 46220 | H65: 718 | J65: =J64+H65-I65 -> -36268 | K65: ف 002844 // سليم عطالله
A66: 46196 | C66: 151.73 | D66: =D65+B66-C66 -> 6660.57 | E66: تسليم ناتو | G66: 46220 | H66: 679 | J66: =J65+H66-I66 -> -35589 | K66: ف 002850 // سليم عطالله
A67: 46196 | B67: 143.29 | D67: =D66+B67-C67 -> 6803.86 | G67: 46220 | I67: 954 | J67: =J66+H67-I67 -> -36543 | K67: ف 002846 // محمد سعيفان
A68: 46196 | C68: 82.63 | D68: =D67+B68-C68 -> 6721.23 | E68: ف 002821 // جرادي | G68: 46220 | H68: 224 | J68: =J67+H68-I68 -> -36319 | K68: ف 002901 // طوني سعد
A69: 46197 | C69: 23.83 | D69: =D68+B69-C69 -> 6697.4 | E69: ف 002820 // محمد عمار | G69: 46220 | H69: 2266 | J69: =J68+H69-I69 -> -34053 | K69: ف 002902 // ابو اكرم
A70: 46198 | C70: 159.42 | D70: =D69+B70-C70 -> 6537.98 | E70: علي زهور | G70: 46220 | I70: 1298 | J70: =J69+H70-I70 -> -35351 | K70: ف 002903 // محمد قنديل
A71: 46198 | B71: 70.95 | D71: =D70+B71-C71 -> 6608.93 | E71: فورسا | G71: 46220 | I71: 2952 | J71: =J70+H71-I71 -> -38303 | K71: ف 002905 // توفيق عطولي
A72: 46198 | B72: 325.16 | D72: =D71+B72-C72 -> 6934.09 | E72: مستلم من ناتو مشغول 18 | G72: 46220 | I72: 835 | J72: =J71+H72-I72 -> -39138 | K72: ف 002906 // تيما
A73: 46198 | C73: 9.88 | D73: =D72+B73-C73 -> 6924.21 | E73: اسوارة تركيب | G73: 46223 | I73: 1460 | J73: =J72+H73-I73 -> -40598 | K73: ف 002908 // محمد طالب
A74: 46198 | C74: 6.21 | D74: =D73+B74-C74 -> 6918 | E74: مازن | G74: 46223 | I74: 365 | J74: =J73+H74-I74 -> -40963 | K74: ف 002909 // محمد عمار
A75: 46202 | B75: 9.88 | D75: =D74+B75-C75 -> 6927.88 | E75: اسوارة تركيب | G75: 46226 | I75: 4085 | J75: =J74+H75-I75 -> -45048 | K75: ف 002910 // محمد قنديل
A76: 46203 | C76: 8.75 | D76: =D75+B76-C76 -> 6919.13 | E76: اسوارة تركيب | G76: 46226 | H76: 354 | J76: =J75+H76-I76 -> -44694 | K76: ف 002910 // محمد قنديل
A77: 46204 | C77: 123.21 | D77: =D76+B77-C77 -> 6795.92 | E77: ف 002824 // محمد سعيفان | G77: 46226 | I77: 779 | J77: =J76+H77-I77 -> -45473 | K77: ف 002912 // محمد قنديل
A78: 46204 | B78: 0.57 | D78: =D77+B78-C78 -> 6796.49 | G78: 46226 | I78: 469 | J78: =J77+H78-I78 -> -45942 | K78: ف 002913 // علي زهور
A79: 46204 | C79: 3.83 | D79: =D78+B79-C79 -> 6792.66 | E79: تكبير بلاك هاني | G79: 46226 | H79: 203 | J79: =J78+H79-I79 -> -45739 | K79: ف 002914 // جرادي محل
A80: 46205 | B80: 8.91 | D80: =D79+B80-C80 -> 6801.57 | E80: اسوارة تركيب | G80: 46226 | I80: 978 | J80: =J79+H80-I80 -> -46717 | K80: ف 002914 // جرادي محل
A81: 46205 | B81: 3.83 | D81: =D80+B81-C81 -> 6805.4 | G81: 46226 | I81: 363 | J81: =J80+H81-I81 -> -47080 | K81: ف 002915 // ابو اكرم
A82: 46205 | B82: 50.18 | D82: =D81+B82-C82 -> 6855.58 | E82: اساور لمحمد | G82: 46230 | I82: 809 | J82: =J81+H82-I82 -> -47889 | K82: ف 002916 // طوني سعد
A83: 46205 | B83: 275.66 | D83: =D82+B83-C83 -> 7131.24 | E83: مستلم من ناتو مشغول 18 | G83: 46230 | I83: 28 | J83: =J82+H83-I83 -> -47917 | K83: ف 002919 // محمد عمار
A84: 46205 | B84: 2.13 | D84: =D83+B84-C84 -> 7133.37 | E84: مستلم من ناتو مشغول 18 | G84: 46230 | I84: 1033 | J84: =J83+H84-I84 -> -48950 | K84: ف 002920 // محمد قنديل
A85: 46206 | C85: 215.78 | D85: =D84+B85-C85 -> 6917.59 | E85: ف 002814 // جرادي محل | G85: 46230 | I85: 1445 | J85: =J84+H85-I85 -> -50395 | K85: ف 002921 // حسين شرف
A86: 46206 | C86: =503.85+25.69 -> 529.54 | D86: =D85+B86-C86 -> 6388.05 | E86: ف 002819 // طوني سعد | G86: 46230 | I86: 1885 | J86: =J85+H86-I86 -> -52280 | K86: ف 002922 // توفيق عطولي
A87: 46206 | C87: =1044.41+3.91 -> 1048.32 | D87: =D86+B87-C87 -> 5339.73 | E87: ف 002822 // سليم عطالله | G87: 46231 | I87: 15 | J87: =J86+H87-I87 -> -52295
A88: 46206 | C88: 57.65 | D88: =D87+B88-C88 -> 5282.08 | E88: ف 002826 // جرادي محل | G88: 46231 | I88: 312 | J88: =J87+H88-I88 -> -52607 | K88: ف 002923 // محمد قنديل
A89: 46206 | C89: 92.4 | D89: =D88+B89-C89 -> 5189.68 | E89: ف 002827 // محمد عيساوي | G89: 46231 | I89: 450 | J89: =J88+H89-I89 -> -53057 | K89: ف 002924 // محمد ميسي
A90: 46206 | B90: 130.5 | D90: =D89+B90-C90 -> 5320.18 | E90: ف 002828 // سليم عطالله | G90: 46231 | I90: 645 | J90: =J89+H90-I90 -> -53702 | K90: ف 002926 // ابو العبد
A91: 46206 | B91: 115.75 | D91: =D90+B91-C91 -> 5435.93 | E91: ف 002829 // طوني سعد | G91: 46231 | I91: 55 | J91: =J90+H91-I91 -> -53757 | K91: ف 002927 // مصطفى ميسي
A92: 46206 | B92: 202.62 | D92: =D91+B92-C92 -> 5638.55 | E92: مستلم من ناتو مشغول 18 | G92: 46231 | I92: 400 | J92: =J91+H92-I92 -> -54157 | K92: ف 002928 // توفيق عطولي
A93: 46206 | C93: 96.77 | D93: =D92+B93-C93 -> 5541.78 | E93: فورسا | G93: 46232 | H93: 386 | J93: =J92+H93-I93 -> -53771 | K93: مستلم قفل
A94: 46206 | C94: 3.6 | D94: =D93+B94-C94 -> 5538.18 | E94: خاتم | G94: 46232 | I94: 210 | J94: =J93+H94-I94 -> -53981 | K94: مازن
A95: 46206 | B95: 4.23 | D95: =D94+B95-C95 -> 5542.41 | E95: خاتم | G95: 46233 | I95: 1959 | J95: =J94+H95-I95 -> -55940 | K95: ف 002930 // قنديل
A96: 46206 | B96: 135.26 | D96: =D95+B96-C96 -> 5677.67 | E96: مستلم من ناتو مشغول 18 | G96: 46233 | I96: 211 | J96: =J95+H96-I96 -> -56151 | K96: ف 002931 // يوسف مرعي
A97: 46206 | B97: 4.35 | D97: =D96+B97-C97 -> 5682.02 | E97: مستلم من ناتو مشغول 18 | G97: 46233 | I97: 970 | J97: =J96+H97-I97 -> -57121 | K97: ف 002932 // حسين شرف
A98: 46206 | C98: =50.18+1114.24 -> 1164.42 | D98: =D97+B98-C98 -> 4517.6 | E98: ف 002830 // محمد قنديل | G98: 46233 | I98: 700 | J98: =J97+H98-I98 -> -57821 | K98: ف 002933 // قنديل
A99: 46209 | C99: 13.8 | D99: =D98+B99-C99 -> 4503.8 | E99: تصليح | G99: 46233 | H99: 485 | J99: =J98+H99-I99 -> -57336 | K99: ف 002934 // طوني سعد
A100: 46209 | C100: 30 | D100: =D99+B100-C100 -> 4473.8 | E100: قفل | G100: 46234 | I100: 75 | J100: =J99+H100-I100 -> -57411 | K100: مازن
A101: 46209 | C101: 33.83 | D101: =D100+B101-C101 -> 4439.97 | E101: موناكو | G101: 46238 | I101: 735 | J101: =J100+H101-I101 -> -58146 | K101: ف 002935 // سليم عطالله
...

Sheet K18
A2: K18 - 740 | D2: خارجي
A3: من تاريخ :
A4: إلى تاريخ :
A5: التاريخ | B5: دخول | C5: خروج | D5: الرصيد | E5: البيان
A6: 46164 | B6: 32.96 | D6: =B6-C6 -> 32.96
A7: 46177 | B7: 116.78 | D7: =D6+B7-C7 -> 149.74 | E7: ف 002803 محمد سعيفان
A8: 46177 | B8: 13.82 | D8: =D7+B8-C8 -> 163.56 | E8: ف 002804 محمد سعيفان
A9: 46178 | B9: 407.58 | D9: =D8+B9-C9 -> 571.14 | E9: مستلم من اورا كسر 18
A10: 46183 | C10: 1.24 | D10: =D9+B10-C10 -> 569.9 | E10: قفل
A11: 46184 | B11: 13.32 | D11: =D10+B11-C11 -> 583.22 | E11: ف 002807 // جرادي
A12: 46190 | B12: 4.85 | D12: =D11+B12-C12 -> 588.07 | E12: ف 002818 // نبهان
A13: 46190 | B13: 50.5 | D13: =D12+B13-C13 -> 638.57 | E13: تبديل جرادي
A14: 46190 | B14: 31.9 | D14: =D13+B14-C14 -> 670.47 | E14: شراء
A15: 46196 | B15: 29.17 | D15: =D14+B15-C15 -> 699.64 | E15: ف 002821 // جرادي
A16: 46197 | B16: 4 | D16: =D15+B16-C16 -> 703.64 | E16: شراء
A17: 46204 | B17: 1.17 | D17: =D16+B17-C17 -> 704.81 | E17: تكبير بلاك هاني
A18: 46206 | B18: =55.94+16.13 -> 72.07 | D18: =D17+B18-C18 -> 776.88 | E18: ف 002826 // جرادي محل
A19: 46206 | B19: 279.85 | D19: =D18+B19-C19 -> 1056.73 | E19: ف 002828 // سليم عطالله
A20: 46206 | C20: 6 | D20: =D19+B20-C20 -> 1050.73 | E20: قفل
A21: 46210 | C21: 103.18 | D21: =D20+B21-C21 -> 947.55 | E21: ف 002831 // عطولي
A22: 46210 | B22: 49.3 | D22: =D21+B22-C22 -> 996.85 | E22: ف 002832 // جرادي محل
A23: 46210 | B23: 130.62 | D23: =D22+B23-C23 -> 1127.47 | E23: ف 002833 // جرادي
A24: 46211 | B24: =206.5+3.89 -> 210.39 | D24: =D23+B24-C24 -> 1337.86 | E24: ف 002834 // سليم عطالله
A25: 46211 | C25: 1303 | D25: =D24+B25-C25 -> 34.86 | E25: صب
A26: 46220 | B26: 15.02 | D26: =D25+B26-C26 -> 49.88 | E26: مجوهرات صالح
A27: 46220 | B27: =31.63+24.56 -> 56.19 | D27: =D26+B27-C27 -> 106.07 | E27: ف 002846 // محمد سعيفان
A28: 46220 | B28: 12.56 | D28: =D27+B28-C28 -> 118.63 | E28: ف 002906 // تيما
A29: 46223 | B29: 158.6 | D29: =D28+B29-C29 -> 277.23 | E29: ف 002911 // سليم عطالله
A30: 46226 | B30: 6.76 | D30: =D29+B30-C30 -> 283.99 | E30: ف 002914 // جرادي محل
A31: 46226 | B31: 23.78 | D31: =D30+B31-C31 -> 307.77 | E31: ف 002918 // نور حسون
A32: 46231 | B32: 51.02 | D32: =D31+B32-C32 -> 358.79 | E32: ف 002926 // ابو العبد
A33: 46232 | B33: 0.78 | D33: =D32+B33-C33 -> 359.57
A34: 46233 | B34: 11.7 | D34: =D33+B34-C34 -> 371.27
A35: 46234 | B35: 25.19 | D35: =D34+B35-C35 -> 396.46 | E35: ف 002935 // سليم عطالله
A36: 46238 | B36: 29.81 | D36: =D35+B36-C36 -> 426.27 | E36: هلا محسن
B37: 326.37 | D37: =D36+B37-C37 -> 752.64 | E37: ف 002949 // علي زهور
B38: 89.03 | D38: =D37+B38-C38 -> 841.67 | E38: ف 002950 // جرادي
B39: 43.6 | D39: =D38+B39-C39 -> 885.27 | E39: ف 002851 // سليم عطالله
A40: 46245 | B40: 41.21 | D40: =D39+B40-C40 -> 926.48 | E40: ف 002852 // تيما
A41: 46245 | B41: 12.42 | D41: =D40+B41-C41 -> 938.9 | E41: ف 002859 // محمد قنديل
A42: 46246 | B42: 63.1 | D42: =D41+B42-C42 -> 1002 | E42: ف 002864 // تيما
A43: 46246 | B43: 26 | D43: =D42+B43-C43 -> 1028 | E43: ف 002866 // حسن السلطان
A44: 46246 | B44: 52.07 | D44: =D43+B44-C44 -> 1080.07 | E44: ف 002868 // يوسف مرعي
A45: 46246 | B45: 129.73 | D45: =D44+B45-C45 -> 1209.8 | E45: ف 002871 // جرادي محل
A46: 46246 | B46: 18.65 | D46: =D45+B46-C46 -> 1228.45 | E46: تبديل جرادي على رملي
A47: 46246 | B47: 36.8 | D47: =D46+B47-C47 -> 1265.25 | E47: شراء
A48: 46247 | B48: 153.28 | D48: =D47+B48-C48 -> 1418.53 | E48: ف 002873 // سليم عطالله
A49: 46247 | C49: 0.31 | D49: =D48+B49-C49 -> 1418.22 | E49: بيع
A50: 46247 | C50: 586.2 | D50: =D49+B50-C50 -> 832.02 | E50: تعديل جردة
A51: 46248 | B51: 13.76 | D51: =D50+B51-C51 -> 845.78 | E51: ف 002882 // نور عطوي
A52: 46252 | B52: 58.65 | D52: =D51+B52-C52 -> 904.43 | E52: ف 4428 // تيما
A53: 46252 | B53: 0.54 | D53: =D52+B53-C53 -> 904.97 | E53: ف 4429 // منال مازن
A54: 46253 | B54: 14.29 | D54: =D53+B54-C54 -> 919.26 | E54: تبديل على رملي
A55: 46253 | C55: 221.31 | D55: =D54+B55-C55 -> 697.95 | E55: قفل مدور
A56: 46254 | B56: 85.75 | D56: =D55+B56-C56 -> 783.7 | E56: ف 4435 // تيما
A57: 46255 | B57: 1.35 | D57: =D56+B57-C57 -> 785.05 | E57: قفل
A58: 46255 | C58: 0.45 | D58: =D57+B58-C58 -> 784.6 | E58: ف 4432 // جرادي
A59: 46255 | B59: 41.3 | D59: =D58+B59-C59 -> 825.9 | E59: ف 4438 // محمد قنديل
A60: 46259 | B60: 5.62 | D60: =D59+B60-C60 -> 831.52 | E60: شراء
A61: 46260 | C61: 735.18 | D61: =D60+B61-C61 -> 96.34 | E61: للصب
A62: 46261 | B62: 19.4 | D62: =D61+B62-C62 -> 115.74 | E62: ف 4453 // طوني سعد
A63: 46267 | B63: 0.71 | D63: =D62+B63-C63 -> 116.45 | E63: شراء
A64: 46268 | B64: 28.85 | D64: =D63+B64-C64 -> 145.3 | E64: ف 0003 // برو غولد
A65: 46268 | B65: 40.1 | D65: =D64+B65-C65 -> 185.4 | E65: تيما
A66: 46269 | B66: 78.54 | D66: =D65+B66-C66 -> 263.94 | E66: جرادي
A67: 46274 | B67: 49.86 | D67: =D66+B67-C67 -> 313.8 | E67: ف 0020 // محمد ديبة
A68: 46274 | B68: 111.5 | D68: =D67+B68-C68 -> 425.3 | E68: ف 0021 // برو غولد
A69: 46275 | B69: 32.55 | D69: =D68+B69-C69 -> 457.85 | E69: مبيع مشغول 18
A70: 46276 | C70: 494.36 | D70: =D69+B70-C70 -> -36.51 | E70: صب
A71: 46280 | B71: 34.74 | D71: =D70+B71-C71 -> -1.77 | E71: ف 0038 // برو غولد
A72: 46280 | B72: 2.1 | D72: =D71+B72-C72 -> 0.33 | E72: ف 0040 // نبيل فرحة
A73: 46281 | B73: 58.91 | D73: =D72+B73-C73 -> 59.24
A74: 46281 | B74: 7 | D74: =D73+B74-C74 -> 66.24 | E74: ايصال 56786 // خليل سرائب
B75: 8.28 | D75: =D74+B75-C75 -> 74.52 | E75: ف 0048 // نور الدين حسون
B76: 210.5 | D76: =D75+B76-C76 -> 285.02 | E76: ف 0054 // توفيق عطولي
A77: 46286 | C77: 32.53 | D77: =D76+B77-C77 -> 252.49 | E77: تبديل على ك 21
A78: 46286 | B78: 237.8 | D78: =D77+B78-C78 -> 490.29 | E78: ايصال 56792 // محمود عمار
A79: 46287 | B79: 0.67 | D79: =D78+B79-C79 -> 490.96
C80: 490.96 | D80: =D79+B80-C80 -> -5.6843419e-13
D81: =D80+B81-C81 -> -5.6843419e-13
D82: =D81+B82-C82 -> -5.6843419e-13
D83: =D82+B83-C83 -> -5.6843419e-13
D84: =D83+B84-C84 -> -5.6843419e-13
D85: =D84+B85-C85 -> -5.6843419e-13
D86: =D85+B86-C86 -> -5.6843419e-13
D87: =D86+B87-C87 -> -5.6843419e-13
D88: =D87+B88-C88 -> -5.6843419e-13
D89: =D88+B89-C89 -> -5.6843419e-13
D90: =D89+B90-C90 -> -5.6843419e-13
D91: =D90+B91-C91 -> -5.6843419e-13
D92: =D91+B92-C92 -> -5.6843419e-13
... D148: =D147+B148-C148 -> -5.6843419e-13
A149: المجموع | B149: =SUM(B6:B148) -> 3974.72 | C149: =SUM(C6:C148) -> 3974.72 | D149: =B149-C149 -> 0
A150: الرصيد | B150: =B149-C149 -> 0

Sheet K22
A2: K22 - 905 | D2: خارجي
A3: من تاريخ :
A4: إلى تاريخ :
A5: التاريخ | B5: دخول | C5: خروج | D5: الرصيد | E5: البيان
A6: 46220 | B6: =16.39+8 -> 24.39 | D6: =B6-C6 -> 24.39 | E6: ف 002846 // محمد سعيفان
A7: 46226 | B7: 14.6 | D7: =D6+B7-C7 -> 38.99 | E7: ف 002914 // جرادي محل
A8: 46247 | C8: 38.99 | D8: =D7+B8-C8 -> 0 | E8: تعديل جردة
A9: 46261 | B9: 14.52 | D9: =D8+B9-C9 -> 14.52 | E9: ف 4454 // حسين شرف
C10: 14.52 | D10: =D9+B10-C10 -> 0
D11: =D10+B11-C11 -> 0
D12: =D11+B12-C12 -> 0
D13: =D12+B13-C13 -> 0
D14: =D13+B14-C14 -> 0
D15: =D14+B15-C15 -> 0
D16: =D15+B16-C16 -> 0
D17: =D16+B17-C17 -> 0
D18: =D17+B18-C18 -> 0
D19: =D18+B19-C19 -> 0
D20: =D19+B20-C20 -> 0
D21: =D20+B21-C21 -> 0
D22: =D21+B22-C22 -> 0
... D102: =D101+B102-C102 -> 0
A103: المجموع | B103: =SUM(B6:B102) -> 53.51 | C103: =SUM(C6:C102) -> 53.51 | D103: =B103-C103 -> 0
A104: الرصيد | B104: =B103-C103 -> 0

Sheet K21
A2: K21 - 865 | D2: خارجي
A3: من تاريخ :
A4: إلى تاريخ :
A5: التاريخ | B5: دخول | C5: خروج | D5: الرصيد | E5: البيان
A6: 46177 | B6: 3.79 | D6: =B6-C6 -> 3.79 | E6: ف 002804 محمد سعيفان
A7: 46178 | B7: 103.78 | D7: =D6+B7-C7 -> 107.57 | E7: مستلم من اورا كسر 21
A8: 46190 | B8: 59.38 | D8: =D7+B8-C8 -> 166.95 | E8: شراء
A9: 46197 | B9: 2 | D9: =D8+B9-C9 -> 168.95 | E9: شراء
A10: 46206 | B10: 6.74 | D10: =D9+B10-C10 -> 175.69 | E10: ف 002826 // جرادي محل
A11: 46206 | B11: 80.12 | D11: =D10+B11-C11 -> 255.81 | E11: ف 002828 // سليم عطالله
A12: 46206 | C12: 14 | D12: =D11+B12-C12 -> 241.81 | E12: مبيع ربع نص ليرة
A13: 46206 | B13: 2 | D13: =D12+B13-C13 -> 243.81 | E13: ف 002830 // محمد قنديل
A14: 46210 | B14: 39.33 | D14: =D13+B14-C14 -> 283.14 | E14: ف 002832 // جرادي محل
A15: 46211 | C15: 279.5 | D15: =D14+B15-C15 -> 3.64 | E15: صب
A16: 46220 | B16: 31.09 | D16: =D15+B16-C16 -> 34.73 | E16: ف 002846 // محمد سعيفان
A17: 46226 | B17: 36.44 | D17: =D16+B17-C17 -> 71.17 | E17: ف 002914 // جرادي محل
A18: 46226 | B18: 11.97 | D18: =D17+B18-C18 -> 83.14 | E18: ف 002914 // جرادي محل
A19: 46231 | B19: 116.03 | D19: =D18+B19-C19 -> 199.17 | E19: ف 002926 // ابو العبد
A20: 46232 | B20: 77.83 | D20: =D19+B20-C20 -> 277 | E20: ف 002935 // سليم عطالله
A21: 46233 | B21: 46.28 | D21: =D20+B21-C21 -> 323.28 | E21: ف 002851 // سليم عطالله
A22: 46234 | B22: 2 | D22: =D21+B22-C22 -> 325.28 | E22: شراء ربع ليرة
A23: 46246 | B23: 8 | D23: =D22+B23-C23 -> 333.28 | E23: ف 002864 // تيما
A24: 46246 | B24: 7.4 | D24: =D23+B24-C24 -> 340.68 | E24: ف 002868 // يوسف مرعي
A25: 46246 | B25: 26.86 | D25: =D24+B25-C25 -> 367.54 | E25: ف 002871 // جرادي محل
A26: 46246 | B26: 8 | D26: =D25+B26-C26 -> 375.54 | E26: شراء
A27: 46246 | B27: 17 | D27: =D26+B27-C27 -> 392.54 | E27: شراء
A28: 46247 | B28: 73.64 | D28: =D27+B28-C28 -> 466.18 | E28: ف 002873 // سليم عطالله
A29: 46247 | C29: 202.08 | D29: =D28+B29-C29 -> 264.1 | E29: تعديل جردة
A30: 46251 | C30: 2 | D30: =D29+B30-C30 -> 262.1 | E30: مبيع ربع
A31: 46254 | B31: 9.68 | D31: =D30+B31-C31 -> 271.78 | E31: ف 4435 // تيما
A32: 46255 | B32: 76.6 | D32: =D31+B32-C32 -> 348.38 | E32: ف 4437 // سليم عطالله
A33: 46255 | B33: 39.81 | D33: =D32+B33-C33 -> 388.19 | E33: ف 4438 // محمد قنديل
A34: 46259 | B34: 3.9 | D34: =D33+B34-C34 -> 392.09 | E34: ف 4449// ريم كاجوج
A35: 46259 | B35: 47.34 | D35: =D34+B35-C35 -> 439.43 | E35: تيما
A36: 46260 | C36: 438.52 | D36: =D35+B36-C36 -> 0.91 | E36: للصب
A37: 46265 | B37: 3.68 | D37: =D36+B37-C37 -> 4.59 | E37: ف 4458 // محمد دبية
A38: 46268 | B38: 3.45 | D38: =D37+B38-C38 -> 8.04 | E38: ف 0003 // برو غولد
A39: 46269 | B39: 26.03 | D39: =D38+B39-C39 -> 34.07 | E39: جرادي
A40: 46274 | B40: 7.04 | D40: =D39+B40-C40 -> 41.11 | E40: ف 0020 // محمد ديبة
A41: 46274 | B41: 6.85 | D41: =D40+B41-C41 -> 47.96 | E41: مبيع مشغول 18
A42: 46276 | C42: 47.44 | D42: =D41+B42-C42 -> 0.52 | E42: صب
A43: 46280 | B43: 0.98 | D43: =D42+B43-C43 -> 1.5 | E43: ف 0038 // برو غولد
A44: 46286 | B44: 27.83 | D44: =D43+B44-C44 -> 29.33 | E44: تبديل من 21 ل 18
A45: 46286 | B45: 30.91 | D45: =D44+B45-C45 -> 60.24 | E45: ف 0056 // تيما
C46: 60.24 | D46: =D45+B46-C46 -> 0
D47: =D46+B47-C47 -> 0
D48: =D47+B48-C48 -> 0
D49: =D48+B49-C49 -> 0
D50: =D49+B50-C50 -> 0
D51: =D50+B51-C51 -> 0
D52: =D51+B52-C52 -> 0
D53: =D52+B53-C53 -> 0
D54: =D53+B54-C54 -> 0
D55: =D54+B55-C55 -> 0
D56: =D55+B56-C56 -> 0
D57: =D56+B57-C57 -> 0
D58: =D57+B58-C58 -> 0
... D116: =D115+B116-C116 -> 0
A117: المجموع | B117: =SUM(B6:B116) -> 1043.78 | C117: =SUM(C6:C116) -> 1043.78 | D117: =B117-C117 -> 0
A118: الرصيد | B118: =B117-C117 -> 0

Sheet تحت التصنيع
A1: تحت التصنيع
A2: دهب 995 | J2: =A1 -> تحت التصنيع | M2: حساب دولار $
A3: من تاريخ : | C3: =SUM(C375:C767) -> 31854.32 | G3: =SUM(G375:G767) -> 28912.15
A4: إلى تاريخ : | M4: إلى تاريخ :
A5: التاريخ | B5: تسليم للمعمل | C5: 750 | D5: 875 | E5: 995 | F5: استلام من معمل | G5: 750 | H5: 875 | I5: 995 | J5: الرصيد | K5: البيان | M5: التاريخ | N5: دخول | O5: خروج | P5: الرصيد | Q5: البيان
B6: 1256.48 | F6: =(G6*750/995)+(H6*875/995)+I6 -> 0 | J6: =B6-F6 -> 1256.48 | P6: =N6-O6 -> 0
A7: 46157 | B7: =2536.95+145.95 -> 2682.9 | F7: =(G7*750/995)+(H7*875/995)+I7 -> 0 | J7: =J6+B7-F7 -> 3939.38 | P7: =P6+N7-O7 -> 0
A8: 46157 | F8: =(G8*748/995)+(H8*875/995)+I8 -> 583.34979 | G8: =193.64+582.34 -> 775.98 | J8: =J7+B8-F8 -> 3356.0302 | K8: مشغول 582.34//193.64 | P8: =P7+N8-O8 -> 0
A9: 46157 | F9: =(G9*748/995)+(H9*875/995)+I9 -> 1298.761 | G9: 1727.63 | J9: =J8+B9-F9 -> 2057.2692 | K9: كسر 18 | P9: =P8+N9-O9 -> 0
A10: 46161 | B10: 834.16 | F10: =(G10*748/995)+(H10*875/995)+I10 -> 0 | J10: =J9+B10-F10 -> 2891.4292 | K10: تسليم شجر عدد 4 | P10: =P9+N10-O10 -> 0
A11: 46161 | B11: =(C11*748/995)+(D11*873/995)+E11 -> 1256.1213 | C11: 1670.91 | F11: =(G11*748/995)+(H11*875/995)+I11 -> 0 | J11: =J10+B11-F11 -> 4147.5505 | K11: تسليم شجر عدد 4--- 1670.91//18 | P11: =P10+N11-O11 -> 0
A12: 46161 | B12: =(C12*748/995)+(D12*873/995)+E12 -> 149.99843 | C12: 199.53 | F12: =(G12*748/995)+(H12*875/995)+I12 -> 0 | J12: =J11+B12-F12 -> 4297.5489 | K12: تسليم ناتو 199.53غ // 18 للسحب | P12: =P11+N12-O12 -> 0
A13: 46163 | B13: =(C13*748/995)+(D13*873/995)+E13 -> 0 | F13: =(G13*748/995)+(H13*875/995)+I13 -> 162.90613 | G13: 216.7 | J13: =J12+B13-F13 -> 4134.6428 | K13: استلام كسر 18 // سحب // 216.70 غ | P13: =P12+N13-O13 -> 0
A14: 46163 | B14: =(C14*748/995)+(D14*873/995)+E14 -> 162.90613 | C14: 216.7 | F14: =(G14*748/995)+(H14*875/995)+I14 -> 0 | J14: =J13+B14-F14 -> 4297.5489 | K14: للسحب 216.7 | P14: =P13+N14-O14 -> 0
A15: 46163 | B15: =(C15*748/995)+(D15*873/995)+E15 -> 199.99791 | C15: 266.04 | F15: =(G15*748/995)+(H15*875/995)+I15 -> 0 | J15: =J14+B15-F15 -> 4497.5468 | K15: للسحب 266.04 | P15: =P14+N15-O15 -> 0
A16: 46164 | B16: =(C16*748/995)+(D16*873/995)+E16 -> 100.23 | E16: 100.23 | F16: =(G16*748/995)+(H16*875/995)+I16 -> 0 | J16: =J15+B16-F16 -> 4597.7768 | K16: تسليم رملي لللحام | P16: =P15+N16-O16 -> 0
A17: 46164 | B17: =(C17*748/995)+(D17*873/995)+E17 -> 400.00334 | C17: 532.09 | F17: =(G17*748/995)+(H17*875/995)+I17 -> 0 | J17: =J16+B17-F17 -> 4997.7801 | K17: للسحب // غ 532.09 //18 | P17: =P16+N17-O17 -> 0
A18: 46167 | B18: =(C18*748/995)+(D18*873/995)+E18 -> 0 | F18: =(G18*748/995)+(H18*875/995)+I18 -> 19.605869 | G18: 26.08 | J18: =J17+B18-F18 -> 4978.1743 | K18: مشغول 18 | P18: =P17+N18-O18 -> 0
A19: 46168 | B19: =(C19*748/995)+(D19*873/995)+E19 -> 0 | F19: =(G19*748/995)+(H19*875/995)+I19 -> 29.29604 | G19: 38.97 | J19: =J18+B19-F19 -> 4948.8782 | K19: مشغول 18 | P19: =P18+N19-O19 -> 0
A20: 46168 | B20: =(C20*748/995)+(D20*873/995)+E20 -> 0 | F20: =(G20*748/995)+(H20*875/995)+I20 -> 1472.3873 | G20: 1958.59 | J20: =J19+B20-F20 -> 3476.491 | K20: استلام كسر 18 // صب | P20: =P19+N20-O20 -> 0
A21: 46168 | B21: =(C21*748/995)+(D21*873/995)+E21 -> 0 | F21: =(G21*748/995)+(H21*875/995)+I21 -> 23.537568 | G21: 31.31 | J21: =J20+B21-F21 -> 3452.9534 | K21: مشغول 18 | P21: =P20+N21-O21 -> 0
A22: 46168 | B22: =(C22*748/995)+(D22*873/995)+E22 -> 1775.8948 | C22: 2362.32 | F22: =(G22*748/995)+(H22*875/995)+I22 -> 0 | J22: =J21+B22-F22 -> 5228.8482 | P22: =P21+N22-O22 -> 0
A23: 46176 | B23: =(C23*748/995)+(D23*873/995)+E23 -> 0 | F23: =(G23*748/995)+(H23*875/995)+I23 -> 122.01045 | G23: 162.3 | J23: =J22+B23-F23 -> 5106.8378 | K23: مشغول 18 | P23: =P22+N23-O23 -> 0
A24: 46176 | B24: =(C24*748/995)+(D24*873/995)+E24 -> 60.772181 | C24: 80.84 | F24: =(G24*748/995)+(H24*875/995)+I24 -> 0 | J24: =J23+B24-F24 -> 5167.61 | K24: كادر ليرة | P24: =P23+N24-O24 -> 0
A25: 46176 | B25: =(C25*748/995)+(D25*873/995)+E25 -> 0 | F25: =(G25*748/995)+(H25*875/995)+I25 -> 17.019819 | G25: 22.64 | J25: =J24+B25-F25 -> 5150.5901 | K25: مشغول 18 | P25: =P24+N25-O25 -> 0
A26: 46176 | B26: =(C26*748/995)+(D26*873/995)+E26 -> 0 | F26: =(G26*748/995)+(H26*875/995)+I26 -> 1834.2238 | G26: 2439.91 | J26: =J25+B26-F26 -> 3316.3663 | K26: كسر 18 // صب // | P26: =P25+N26-O26 -> 0
A27: 46176 | B27: =(C27*748/995)+(D27*873/995)+E27 -> 0 | F27: =(G27*748/995)+(H27*875/995)+I27 -> 10.464482 | G27: 13.92 | J27: =J26+B27-F27 -> 3305.9019 | K27: كادر ليرة | P27: =P26+N27-O27 -> 0
A28: 46177 | B28: =(C28*748/995)+(D28*873/995)+E28 -> 11.193688 | C28: 14.89 | F28: =(G28*748/995)+(H28*875/995)+I28 -> 0 | J28: =J27+B28-F28 -> 3317.0955 | K28: تصليح | P28: =P27+N28-O28 -> 0
A29: 46177 | B29: =(C29*748/995)+(D29*873/995)+E29 -> 11.802613 | C29: 15.7 | F29: =(G29*748/995)+(H29*875/995)+I29 -> 0 | J29: =J28+B29-F29 -> 3328.8982 | K29: تصليح | P29: =P28+N29-O29 -> 0
A30: 46177 | B30: =(C30*748/995)+(D30*873/995)+E30 -> 49.886714 | C30: 66.36 | F30: =(G30*748/995)+(H30*875/995)+I30 -> 0 | J30: =J29+B30-F30 -> 3378.7849 | K30: تسليم قفل | P30: =P29+N30-O30 -> 0
A31: 46177 | B31: =(C31*748/995)+(D31*873/995)+E31 -> 0 | F31: =(G31*748/995)+(H31*875/995)+I31 -> 688.46822 | G31: 915.81 | J31: =J30+B31-F31 -> 2690.3167 | K31: استلام سبيكة كسر سحب | P31: =P30+N31-O31 -> 0
A32: 46178 | B32: =(C32*748/995)+(D32*873/995)+E32 -> 7.6228342 | C32: 10.14 | F32: =(G32*748/995)+(H32*875/995)+I32 -> 0 | J32: =J31+B32-F32 -> 2697.9395 | K32: تصليح | P32: =P31+N32-O32 -> 0
A33: 46181 | B33: =(C33*748/995)+(D33*873/995)+E33 -> 3308.3852 | C33: 4400.86 | J33: =J32+B33-F33 -> 6006.3247 | K33: شجر عدد 6 | P33: =P32+N33-O33 -> 0
A34: 46181 | B34: =(C34*748/995)+(D34*873/995)+E34 -> 0 | F34: =(G34*748/995)+(H34*875/995)+I34 -> 277.58693 | G34: 369.25 | J34: =J33+B34-F34 -> 5728.7378 | K34: مشغول 18 | P34: =P33+N34-O34 -> 0
A35: 46182 | B35: =(C35*748/995)+(D35*873/995)+E35 -> 500.0474 | C35: 665.17 | F35: =(G35*748/995)+(H35*875/995)+I35 -> 0 | J35: =J34+B35-F35 -> 6228.7852 | K35: تسليم للسحب | P35: =P34+N35-O35 -> 0
A36: 46183 | B36: =(C36*748/995)+(D36*873/995)+E36 -> 0 | F36: =(G36*748/995)+(H36*875/995)+I36 -> 2547.1242 | G36: 3388.22 | J36: =J35+B36-F36 -> 3681.661 | K36: استلام كسر صب | P36: =P35+N36-O36 -> 0
A37: 46183 | B37: =(C37*748/995)+(D37*873/995)+E37 -> 2850.7145 | C37: 3792.06 | F37: =(G37*748/995)+(H37*875/995)+I37 -> 0 | J37: =J36+B37-F37 -> 6532.3754 | K37: شجر عدد 5 | P37: =P36+N37-O37 -> 0
A38: 46183 | B38: =(C38*748/995)+(D38*873/995)+E38 -> 52.17206 | C38: 69.4 | F38: =(G38*748/995)+(H38*875/995)+I38 -> 0 | J38: =J37+B38-F38 -> 6584.5475 | K38: تصليح لناتو | P38: =P37+N38-O38 -> 0
A39: 46183 | B39: =(C39*748/995)+(D39*873/995)+E39 -> 0 | F39: =(G39*748/995)+(H39*875/995)+I39 -> 3.0446231 | G39: 4.05 | J39: =J38+B39-F39 -> 6581.5029 | K39: مشغول 18 | P39: =P38+N39-O39 -> 0
A40: 46183 | B40: =(C40*748/995)+(D40*873/995)+E40 -> 0.9321809 | C40: 1.24 | F40: =(G40*748/995)+(H40*875/995)+I40 -> 0 | J40: =J39+B40-F40 -> 6582.435 | K40: قفل من الكسر | P40: =P39+N40-O40 -> 0
A41: 46183 | B41: =(C41*748/995)+(D41*873/995)+E41 -> 0 | F41: =(G41*748/995)+(H41*875/995)+I41 -> 43.090814 | G41: 57.32 | J41: =J40+B41-F41 -> 6539.3442 | K41: مستلم مشغول 18 | P41: =P40+N41-O41 -> 0
A42: 46183 | B42: =(C42*748/995)+(D42*873/995)+E42 -> 0 | F42: =(G42*748/995)+(H42*875/995)+I42 -> 4.9014673 | G42: 6.52 | J42: =J41+B42-F42 -> 6534.4428 | K42: مستلم مشغول 18 | P42: =P41+N42-O42 -> 0
A43: 46184 | B43: =(C43*748/995)+(D43*873/995)+E43 -> 0 | F43: =(G43*748/995)+(H43*875/995)+I43 -> 159.85399 | G43: 212.64 | J43: =J42+B43-F43 -> 6374.5888 | K43: مستلم مشغول 18 | P43: =P42+N43-O43 -> 0
A44: 46184 | B44: =(C44*748/995)+(D44*873/995)+E44 -> 0 | F44: =(G44*748/995)+(H44*875/995)+I44 -> 131.75325 | G44: 175.26 | J44: =J43+B44-F44 -> 6242.8355 | K44: مستلم مشغول 18 | P44: =P43+N44-O44 -> 0
A45: 46185 | B45: =(C45*748/995)+(D45*873/995)+E45 -> 2.9093065 | C45: 3.87 | F45: =(G45*748/995)+(H45*875/995)+I45 -> 0 | J45: =J44+B45-F45 -> 6245.7448 | P45: =P44+N45-O45 -> 0
A46: 46185 | B46: =(C46*748/995)+(D46*873/995)+E46 -> 7.4649648 | C46: 9.93 | F46: =(G46*748/995)+(H46*875/995)+I46 -> 0 | J46: =J45+B46-F46 -> 6253.2098 | P46: =P45+N46-O46 -> 0
A47: 46185 | B47: =(C47*748/995)+(D47*873/995)+E47 -> 2.7439196 | C47: 3.65 | F47: =(G47*748/995)+(H47*875/995)+I47 -> 0 | J47: =J46+B47-F47 -> 6255.9537 | P47: =P46+N47-O47 -> 0
A48: 46185 | B48: =(C48*748/995)+(D48*873/995)+E48 -> 0 | F48: =(G48*748/995)+(H48*875/995)+I48 -> 2.7138492 | G48: 3.61 | J48: =J47+B48-F48 -> 6253.2399 | P48: =P47+N48-O48 -> 0
A49: 46185 | B49: =(C49*748/995)+(D49*873/995)+E49 -> 0 | F49: =(G49*748/995)+(H49*875/995)+I49 -> 9.5022312 | G49: 12.64 | J49: =J48+B49-F49 -> 6243.7376 | P49: =P48+N49-O49 -> 0
A50: 46188 | B50: =(C50*748/995)+(D50*873/995)+E50 -> 983.77411 | C50: 1308.63 | F50: =(G50*748/995)+(H50*875/995)+I50 -> 0 | J50: =J49+B50-F50 -> 7227.5117 | K50: صب شجر عدد 2 | P50: =P49+N50-O50 -> 0
A51: 46188 | B51: =(C51*748/995)+(D51*873/995)+E51 -> 64.403176 | C51: 85.67 | F51: =(G51*748/995)+(H51*875/995)+I51 -> 0 | J51: =J50+B51-F51 -> 7291.9149 | K51: فورسا | P51: =P50+N51-O51 -> 0
A52: 46188 | B52: =(C52*748/995)+(D52*873/995)+E52 -> 3.4806432 | C52: 4.63 | F52: =(G52*748/995)+(H52*875/995)+I52 -> 0 | J52: =J51+B52-F52 -> 7295.3956 | K52: تصليح | P52: =P51+N52-O52 -> 0
A53: 46188 | B53: =(C53*748/995)+(D53*873/995)+E53 -> 0 | F53: =(G53*748/995)+(H53*875/995)+I53 -> 2304.479 | G53: 3065.45 | J53: =J52+B53-F53 -> 4990.9166 | K53: استلام كسر صب | P53: =P52+N53-O53 -> 0
A54: 46189 | B54: =(C54*748/995)+(D54*873/995)+E54 -> 2811.7057 | C54: 3740.17 | F54: =(G54*748/995)+(H54*875/995)+I54 -> 0 | J54: =J53+B54-F54 -> 7802.6223 | K54: صب شجر عدد 5 | P54: =P53+N54-O54 -> 0
A55: 46189 | B55: =(C55*748/995)+(D55*873/995)+E55 -> 0 | F55: =(G55*748/995)+(H55*875/995)+I55 -> 174.13741 | G55: 231.64 | J55: =J54+B55-F55 -> 7628.4849 | K55: مشغول 18 | P55: =P54+N55-O55 -> 0
A56: 46189 | B56: =(C56*748/995)+(D56*873/995)+E56 -> 175.34774 | C56: 233.25 | F56: =(G56*748/995)+(H56*875/995)+I56 -> 0 | J56: =J55+B56-F56 -> 7803.8326 | K56: سوزر | P56: =P55+N56-O56 -> 0
A57: 46189 | B57: =(C57*748/995)+(D57*873/995)+E57 -> 0 | F57: =(G57*748/995)+(H57*875/995)+I57 -> 271.62549 | G57: 361.32 | J57: =J56+B57-F57 -> 7532.2071 | K57: مشغول 18 | P57: =P56+N57-O57 -> 0
A58: 46189 | B58: =(C58*748/995)+(D58*873/995)+E58 -> 47.68406 | C58: 63.43 | F58: =(G58*748/995)+(H58*875/995)+I58 -> 0 | J58: =J57+B58-F58 -> 7579.8912 | K58: تسليم ناتو | P58: =P57+N58-O58 -> 0
A59: 46190 | B59: =(C59*748/995)+(D59*873/995)+E59 -> 14.223276 | C59: 18.92 | F59: =(G59*748/995)+(H59*875/995)+I59 -> 0 | J59: =J58+B59-F59 -> 7594.1144 | K59: تسليم ناتو | P59: =P58+N59-O59 -> 0
A60: 46190 | B60: =(C60*748/995)+(D60*873/995)+E60 -> 0 | F60: =(G60*748/995)+(H60*875/995)+I60 -> 48.09001 | G60: 63.97 | J60: =J59+B60-F60 -> 7546.0244 | K60: مستلم مشغول 18 | P60: =P59+N60-O60 -> 0
A61: 46190 | B61: =(C61*748/995)+(D61*873/995)+E61 -> 0 | F61: =(G61*748/995)+(H61*875/995)+I61 -> 19.598352 | G61: 26.07 | J61: =J60+B61-F61 -> 7526.4261 | K61: مستلم مشغول 18 | P61: =P60+N61-O61 -> 0
A62: 46190 | B62: =(C62*748/995)+(D62*873/995)+E62 -> 0 | F62: =(G62*748/995)+(H62*875/995)+I62 -> 192.43522 | G62: 255.98 | J62: =J61+B62-F62 -> 7333.9909 | K62: مستلم مشغول 18 | P62: =P61+N62-O62 -> 0
A63: 46190 | B63: =(C63*748/995)+(D63*873/995)+E63 -> 51.164704 | C63: 68.06 | F63: =(G63*748/995)+(H63*875/995)+I63 -> 0 | J63: =J62+B63-F63 -> 7385.1556 | K63: تسليم ناتو | P63: =P62+N63-O63 -> 0
A64: 46190 | B64: =(C64*748/995)+(D64*873/995)+E64 -> 0 | F64: =(G64*748/995)+(H64*875/995)+I64 -> 3.1273166 | G64: 4.16 | J64: =J63+B64-F64 -> 7382.0283 | K64: مستلم مشغول 18 مفصلات بيد مازن | P64: =P63+N64-O64 -> 0
A65: 46190 | B65: =(C65*748/995)+(D65*873/995)+E65 -> 68.590472 | C65: 91.24 | F65: =(G65*748/995)+(H65*875/995)+I65 -> 0 | J65: =J64+B65-F65 -> 7450.6187 | K65: تسليم ناتو | P65: =P64+N65-O65 -> 0
A66: 46190 | B66: =(C66*748/995)+(D66*873/995)+E66 -> 0 | F66: =(G66*748/995)+(H66*875/995)+I66 -> 68.485226 | G66: 91.1 | J66: =J65+B66-F66 -> 7382.1335 | K66: مستلم مشغول 18 | P66: =P65+N66-O66 -> 0
A67: 46190 | B67: =(C67*748/995)+(D67*873/995)+E67 -> 0 | F67: =(G67*748/995)+(H67*875/995)+I67 -> 67.154613 | G67: 89.33 | J67: =J66+B67-F67 -> 7314.9789 | K67: مستلم مشغول 18 | P67: =P66+N67-O67 -> 0
A68: 46196 | B68: =(C68*748/995)+(D68*873/995)+E68 -> 0 | F68: =(G68*748/995)+(H68*875/995)+I68 -> 2668.3303 | G68: 3549.45 | J68: =J67+B68-F68 -> 4646.6486 | K68: مستلم كسر صب 18 | P68: =P67+N68-O68 -> 0
A69: 46196 | B69: =(C69*748/995)+(D69*873/995)+E69 -> 3308.8964 | C69: 4401.54 | F69: =(G69*748/995)+(H69*875/995)+I69 -> 0 | J69: =J68+B69-F69 -> 7955.545 | K69: صب شجر عدد 5 | P69: =P68+N69-O69 -> 0
A70: 46196 | B70: =(C70*748/995)+(D70*873/995)+E70 -> 0 | F70: =(G70*748/995)+(H70*875/995)+I70 -> 1.3005427 | G70: 1.73 | J70: =J69+B70-F70 -> 7954.2445 | K70: مستلم مشغول 18 | P70: =P69+N70-O70 -> 0
A71: 46196 | B71: =(C71*748/995)+(D71*873/995)+E71 -> 0 | F71: =(G71*748/995)+(H71*875/995)+I71 -> 338.096 | G71: 449.74 | J71: =J70+B71-F71 -> 7616.1485 | K71: مستلم مشغول 18 | P71: =P70+N71-O71 -> 0
A72: 46196 | B72: =(C72*748/995)+(D72*873/995)+E72 -> 114.06436 | C72: 151.73 | F72: =(G72*748/995)+(H72*875/995)+I72 -> 0 | J72: =J71+B72-F72 -> 7730.2129 | K72: تسليم ناتو | P72: =P71+N72-O72 -> 0
A73: 46196 | B73: =(C73*748/995)+(D73*873/995)+E73 -> 0 | F73: =(G73*748/995)+(H73*875/995)+I73 -> 107.71952 | G73: 143.29 | J73: =J72+B73-F73 -> 7622.4933 | K73: مستلم مشغول 18 | P73: =P72+N73-O73 -> 0
A74: 46198 | B74: =(C74*748/995)+(D74*873/995)+E74 -> 0 | F74: =(G74*748/995)+(H74*875/995)+I74 -> 244.44189 | G74: 325.16 | J74: =J73+B74-F74 -> 7378.0514 | K74: مستلم مشغول 18 | P74: =P73+N74-O74 -> 0
A75: 46198 | B75: =(C75*748/995)+(D75*873/995)+E75 -> 400.00334 | C75: 532.09 | F75: =(G75*748/995)+(H75*875/995)+I75 -> 0 | J75: =J74+B75-F75 -> 7778.0548 | K75: تسليم ناتو للسحب | P75: =P74+N75-O75 -> 0
A76: 46198 | B76: =(C76*748/995)+(D76*873/995)+E76 -> 0 | F76: =(G76*748/995)+(H76*875/995)+I76 -> 32.06 | I76: 32.06 | J76: =J75+B76-F76 -> 7745.9948 | K76: سبيكة S37 | P76: =P75+N76-O76 -> 0
A77: 46198 | B77: =(C77*748/995)+(D77*873/995)+E77 -> 7.4273769 | C77: 9.88 | F77: =(G77*748/995)+(H77*875/995)+I77 -> 0 | J77: =J76+B77-F77 -> 7753.4222 | K77: اسوارة تركيب | P77: =P76+N77-O77 -> 0
A78: 46198 | B78: =(C78*748/995)+(D78*873/995)+E78 -> 0 | F78: =(G78*748/995)+(H78*875/995)+I78 -> 2325.3102 | G78: 3093.16 | J78: =J77+B78-F78 -> 5428.1119 | K78: استلام كسر صب | P78: =P77+N78-O78 -> 0
A79: 46198 | B79: =(C79*748/995)+(D79*873/995)+E79 -> 3171.2343 | C79: 4218.42 | F79: =(G79*748/995)+(H79*875/995)+I79 -> 0 | J79: =J78+B79-F79 -> 8599.3463 | K79: صب شجر عدد 6 | P79: =P78+N79-O79 -> 0
A80: 46199 | B80: =(C80*748/995)+(D80*873/995)+E80 -> 0 | F80: =(G80*748/995)+(H80*875/995)+I80 -> 6.6981709 | G80: 8.91 | J80: =J79+B80-F80 -> 8592.6481 | K80: اسوارة تركيب | P80: =P79+N80-O80 -> 0
A81: 46205 | B81: =(C81*748/995)+(D81*873/995)+E81 -> 15.997427 | C81: 21.28 | F81: =(G81*748/995)+(H81*875/995)+I81 -> 0 | J81: =J80+B81-F81 -> 8608.6455 | K81: بلاك تكبير | P81: =P80+N81-O81 -> 0
A82: 46205 | B82: =(C82*748/995)+(D82*873/995)+E82 -> 0 | F82: =(G82*748/995)+(H82*875/995)+I82 -> 18.876663 | G82: 25.11 | J82: =J81+B82-F82 -> 8589.7689 | K82: بلاك تكبير | P82: =P81+N82-O82 -> 0
A83: 46205 | B83: =(C83*748/995)+(D83*873/995)+E83 -> 0 | F83: =(G83*748/995)+(H83*875/995)+I83 -> 37.723256 | G83: 50.18 | J83: =J82+B83-F83 -> 8552.0456 | K83: اساور لمحمد | P83: =P82+N83-O83 -> 0
A84: 46205 | B84: =(C84*748/995)+(D84*873/995)+E84 -> 0 | F84: =(G84*748/995)+(H84*875/995)+I84 -> 207.22983 | G84: 275.66 | J84: =J83+B84-F84 -> 8344.8158 | K84: مستلم مشغول 18 | P84: =P83+N84-O84 -> 0
A85: 46205 | B85: =(C85*748/995)+(D85*873/995)+E85 -> 0 | F85: =(G85*748/995)+(H85*875/995)+I85 -> 1.6012462 | G85: 2.13 | J85: =J84+B85-F85 -> 8343.2145 | K85: مستلم مشغول 18 | P85: =P84+N85-O85 -> 0
A86: 46205 | B86: =(C86*748/995)+(D86*873/995)+E86 -> 3632.303 | C86: 4831.74 | F86: =(G86*748/995)+(H86*875/995)+I86 -> 0 | J86: =J85+B86-F86 -> 11975.518 | K86: صب شجر عدد 7 | P86: =P85+N86-O86 -> 0
A87: 46206 | B87: =(C87*748/995)+(D87*873/995)+E87 -> 379.99904 | C87: 505.48 | F87: =(G87*748/995)+(H87*875/995)+I87 -> 0 | J87: =J86+B87-F87 -> 12355.517 | K87: صب 505.48 | P87: =P86+N87-O87 -> 0
A88: 46206 | B88: =(C88*748/995)+(D88*873/995)+E88 -> 0 | F88: =(G88*748/995)+(H88*875/995)+I88 -> 152.32137 | G88: 202.62 | J88: =J87+B88-F88 -> 12203.195 | K88: مستلم مشغول 18 | P88: =P87+N88-O88 -> 0
A89: 46206 | B89: =(C89*748/995)+(D89*873/995)+E89 -> 72.747698 | C89: 96.77 | F89: =(G89*748/995)+(H89*875/995)+I89 -> 0 | J89: =J88+B89-F89 -> 12275.943 | K89: فورسا | P89: =P88+N89-O89 -> 0
A90: 46206 | B90: =(C90*748/995)+(D90*873/995)+E90 -> 2.7063317 | C90: 3.6 | F90: =(G90*748/995)+(H90*875/995)+I90 -> 0 | J90: =J89+B90-F90 -> 12278.649 | K90: خاتم | P90: =P89+N90-O90 -> 0
A91: 46206 | B91: =(C91*748/995)+(D91*873/995)+E91 -> 0 | F91: =(G91*748/995)+(H91*875/995)+I91 -> 3.1799397 | G91: 4.23 | J91: =J90+B91-F91 -> 12275.469 | K91: خاتم | P91: =P90+N91-O91 -> 0
A92: 46206 | B92: =(C92*748/995)+(D92*873/995)+E92 -> 4.5105528 | C92: 6 | F92: =(G92*748/995)+(H92*875/995)+I92 -> 0 | J92: =J91+B92-F92 -> 12279.98 | K92: قفل من الكسر | P92: =P91+N92-O92 -> 0
A93: 46206 | B93: =(C93*748/995)+(D93*873/995)+E93 -> 0 | F93: =(G93*748/995)+(H93*875/995)+I93 -> 101.68289 | G93: 135.26 | J93: =J92+B93-F93 -> 12178.297 | K93: مستلم مشغول 18 | P93: =P92+N93-O93 -> 0
A94: 46206 | B94: =(C94*748/995)+(D94*873/995)+E94 -> 0 | F94: =(G94*748/995)+(H94*875/995)+I94 -> 2618.56 | I94: 2618.56 | J94: =J93+B94-F94 -> 9559.737 | K94: سبيكة T 19 | P94: =P93+N94-O94 -> 0
A95: 46206 | B95: =(C95*748/995)+(D95*873/995)+E95 -> 0 | F95: =(G95*748/995)+(H95*875/995)+I95 -> 3.2701508 | G95: 4.35 | J95: =J94+B95-F95 -> 9556.4668 | K95: مستلم مشغول 18 | P95: =P94+N95-O95 -> 0
A96: 46209 | B96: =(C96*748/995)+(D96*873/995)+E96 -> 10.374271 | C96: 13.8 | F96: =(G96*748/995)+(H96*875/995)+I96 -> 0 | J96: =J95+B96-F96 -> 9566.8411 | K96: تصليح | P96: =P95+N96-O96 -> 0
A97: 46209 | B97: =(C97*748/995)+(D97*873/995)+E97 -> 22.552764 | C97: 30 | F97: =(G97*748/995)+(H97*875/995)+I97 -> 0 | J97: =J96+B97-F97 -> 9589.3939 | K97: قفل | P97: =P96+N97-O97 -> 0
A98: 46209 | B98: =(C98*748/995)+(D98*873/995)+E98 -> 25.432 | C98: 33.83 | F98: =(G98*748/995)+(H98*875/995)+I98 -> 0 | J98: =J97+B98-F98 -> 9614.8259 | K98: موناكو تطويل | P98: =P97+N98-O98 -> 0
A99: 46210 | B99: =(C99*748/995)+(D99*873/995)+E99 -> 100 | E99: 100 | F99: =(G99*748/995)+(H99*875/995)+I99 -> 0 | J99: =J98+B99-F99 -> 9714.8259 | K99: للسحب | P99: =P98+N99-O99 -> 0
A100: 46210 | B100: =(C100*748/995)+(D100*873/995)+E100 -> 0 | F100: =(G100*748/995)+(H100*875/995)+I100 -> 354.13853 | G100: 471.08 | J100: =J99+B100-F100 -> 9360.6873 | K100: مستلم مشغول 18 | P100: =P99+N100-O100 -> 0
...

Sheet زبائن
A1: زبائن ورشة
A2: دهب 995 | D2: =A1 -> زبائن ورشة | G2: حساب دولار $
A3: من تاريخ :
A4: إلى تاريخ : | G4: إلى تاريخ :
A5: التاريخ | B5: مدفوع له | C5: مستلم منه | D5: الرصيد | E5: البيان | G5: التاريخ | H5: دخول | I5: خروج | J5: الرصيد | K5: البيان
A6: 46168 | B6: 32.22 | D6: =B6-C6 -> 32.22 | E6: مشغول 18 // 42.75 غ احمد كنجو | G6: 46168 | H6: 320 | J6: =H6-I6 -> 320 | K6: مشغول 18 // 42.75 غ احمد كنجو
A7: 46168 | B7: 32.33 | D7: =D6+B7-C7 -> 64.55 | E7: تثبيت مع تايغر لنا دهب | G7: 46168 | I7: 4679 | J7: =J6+H7-I7 -> -4359 | K7: تثبيت مع تايغر لنا دهب
A8: 46177 | B8: 2.51 | D8: =D7+B8-C8 -> 67.06 | E8: تثبيت مع تايغر لنا دهب | G8: 46177 | I8: 357 | J8: =J7+H8-I8 -> -4716 | K8: تثبيت مع تايغر لنا دهب
A9: 46190 | C9: 34.84 | D9: =D8+B9-C9 -> 32.22 | E9: مستلم من تايغر | G9: 46190 | H9: 5036 | J9: =J8+H9-I9 -> 320 | K9: تسليم تايغر
A10: 46206 | B10: 7.14 | D10: =D9+B10-C10 -> 39.36 | E10: ف 002814 // جرادي محل | G10: 46206 | H10: 1187 | J10: =J9+H10-I10 -> 1507 | K10: ف 002814 // جرادي محل
A11: 46206 | B11: 199.14 | D11: =D10+B11-C11 -> 238.5 | E11: ف 002819 // طوني سعد | G11: 46206 | H11: 2912 | J11: =J10+H11-I11 -> 4419 | K11: ف 002819 // طوني سعد
A12: 46206 | B12: 790.18 | D12: =D11+B12-C12 -> 1028.68 | E12: ف 002822 // سليم عطالله | G12: 46206 | H12: 4320 | J12: =J11+H12-I12 -> 8739 | K12: ف 002822 // سليم عطالله
A13: 46206 | C13: 44.03 | D13: =D12+B13-C13 -> 984.65 | E13: ف 002826 // جرادي محل | G13: 46206 | H13: 317 | J13: =J12+H13-I13 -> 9056 | K13: ف 002826 // جرادي محل
A14: 46206 | C14: 405.85 | D14: =D13+B14-C14 -> 578.8 | E14: ف 002828 // سليم عطالله | G14: 46206 | I14: 15255 | J14: =J13+H14-I14 -> -6199 | K14: ف 002826 // جرادي محل
A15: 46206 | C15: 257.66 | D15: =D14+B15-C15 -> 321.14 | E15: ف 002829 // طوني سعد | G15: 46206 | I15: 1000 | J15: =J14+H15-I15 -> -7199 | K15: ف 002828 // سليم عطالله
A16: 46206 | C16: 800 | D16: =D15+B16-C16 -> -478.86 | E16: من تايغر | G16: 46206 | I16: 637 | J16: =J15+H16-I16 -> -7836 | K16: ف 002829 // طوني سعد
A17: 46206 | B17: 508.07 | D17: =D16+B17-C17 -> 29.21 | E17: ف 002830 // محمد قنديل | G17: 46206 | H17: 2615 | J17: =J16+H17-I17 -> -5221 | K17: ف 002830 // محمد قنديل
A18: 46210 | B18: 9.13 | D18: =D17+B18-C18 -> 38.34 | E18: ف 002825 // جرادي | G18: 46209 | I18: 4750 | J18: =J17+H18-I18 -> -9971 | K18: دفعة على الحساب محمد عيساوي
A19: 46210 | B19: =4.03+36.89 -> 40.92 | D19: =D18+B19-C19 -> 79.26 | E19: ف 002832 // جرادي محل | G19: 46210 | H19: 310 | J19: =J18+H19-I19 -> -9661 | K19: ف 002825 // جرادي
A20: 46210 | C20: 13.81 | D20: =D19+B20-C20 -> 65.45 | E20: ف 002833 // جرادي | G20: 46210 | H20: 520 | J20: =J19+H20-I20 -> -9141 | K20: ف 002832 // جرادي محل
A21: 46210 | C21: 22.61 | D21: =D20+B21-C21 -> 42.84 | E21: قفل من محمد | G21: 46210 | H21: 313 | J21: =J20+H21-I21 -> -8828 | K21: ف 002832 // جرادي محل
A22: 46211 | C22: 1000 | D22: =D21+B22-C22 -> -957.16 | E22: مستلم من تايغر | G22: 46210 | H22: 605 | J22: =J21+H22-I22 -> -8223 | K22: ف 002833 // جرادي
A23: 46211 | C23: 26.71 | D23: =D22+B23-C23 -> -983.87 | E23: ف 002834 // سليم عطالله | G23: 46210 | I23: 90 | J23: =J22+H23-I23 -> -8313 | K23: قفل من محمد
A24: 46211 | C24: =152.81+2.87 -> 155.68 | D24: =D23+B24-C24 -> -1139.55 | E24: ف 002834 // سليم عطالله | G24: 46211 | I24: 607 | J24: =J23+H24-I24 -> -8920 | K24: ف 002834 // سليم عطالله
A25: 46211 | B25: 1208.74 | D25: =D24+B25-C25 -> 69.19 | E25: مدفوع لتايغر | G25: 46212 | H25: 3128 | J25: =J24+H25-I25 -> -5792 | K25: ف 002835 // عيساوي
A26: 46212 | D26: =D25+B26-C26 -> 69.19 | E26: ف 002835 // عيساوي | G26: 46212 | H26: 3169 | J26: =J25+H26-I26 -> -2623 | K26: ف 002838 // عيساوي
A27: 46213 | B27: 11.15 | D27: =D26+B27-C27 -> 80.34 | E27: ف 002806 // صالح | G27: 46212 | H27: 8703 | J27: =J26+H27-I27 -> 6080 | K27: ف 002838 // عيساوي
A28: 46213 | B28: 8.87 | D28: =D27+B28-C28 -> 89.21 | E28: ف 002823 // محمد عمار | G28: 46212 | H28: 10000 | J28: =J27+H28-I28 -> 16080 | K28: جود
A29: 46216 | B29: 568.93 | D29: =D28+B29-C29 -> 658.14 | E29: ف 002847 // ابو اكرم | G29: 46213 | H29: 65 | J29: =J28+H29-I29 -> 16145 | K29: ف 002806 // صالح
A30: 46216 | C30: 2.456 | D30: =D29+B30-C30 -> 655.684 | E30: ف 002845 // جرادي محل | G30: 46213 | H30: 65 | J30: =J29+H30-I30 -> 16210 | K30: ف 002823 // محمد عمار
A31: 46217 | C31: 2000 | D31: =D30+B31-C31 -> -1344.316 | E31: مستلم من تايغر | G31: 46216 | H31: 4150 | J31: =J30+H31-I31 -> 20360 | K31: ف 002847 // ابو اكرم
A32: 46218 | B32: 2000 | D32: =D31+B32-C32 -> 655.684 | E32: مساهمين | G32: 46216 | I32: 297 | J32: =J31+H32-I32 -> 20063 | K32: ف 002845 // جرادي محل
A33: 46220 | C33: 11.15 | D33: =D32+B33-C33 -> 644.534 | E33: مجوهرات صالح | G33: 46216 | I33: 10000 | J33: =J32+H33-I33 -> 10063 | K33: جود
A34: 46220 | B34: 505.42 | D34: =D33+B34-C34 -> 1149.954 | E34: ف 002836 // سليم عطالله | G34: 46220 | I34: 65 | J34: =J33+H34-I34 -> 9998 | K34: مجوهرات صالح
A35: 46220 | B35: 151.07 | D35: =D34+B35-C35 -> 1301.024 | E35: ف 002837 // طوني سعد | G35: 46220 | H35: 3816 | J35: =J34+H35-I35 -> 13814 | K35: ف 002836 // سليم عطالله
A36: 46220 | C36: 91.29 | D36: =D35+B36-C36 -> 1209.734 | E36: ف 002844 // سليم عطالله | G36: 46220 | H36: 1029 | J36: =J35+H36-I36 -> 14843 | K36: ف 002837 // طوني سعد
A37: 46220 | C37: 93.07 | D37: =D36+B37-C37 -> 1116.664 | E37: ف 002850 // سليم عطالله | G37: 46220 | I37: 718 | J37: =J36+H37-I37 -> 14125 | K37: ف 002844 // سليم عطالله
A38: 46220 | C38: 77.21 | D38: =D37+B38-C38 -> 1039.454 | E38: ف 002850 // سليم عطالله | G38: 46220 | I38: 679 | J38: =J37+H38-I38 -> 13446 | K38: ف 002850 // سليم عطالله
A39: 46220 | C39: 30.76 | D39: =D38+B39-C39 -> 1008.694 | E39: ف 002901 // طوني سعد | G39: 46220 | I39: 3224 | J39: =J38+H39-I39 -> 10222 | K39: ف 002901 // طوني سعد
A40: 46220 | C40: 310.6 | D40: =D39+B40-C40 -> 698.094 | E40: ف 002902 // ابو اكرم | G40: 46220 | I40: 2266 | J40: =J39+H40-I40 -> 7956 | K40: ف 002902 // ابو اكرم
A41: 46220 | B41: 301.79 | D41: =D40+B41-C41 -> 999.884 | E41: ف 002903 // محمد قنديل | G41: 46220 | H41: 1298 | J41: =J40+H41-I41 -> 9254 | K41: ف 002903 // محمد قنديل
A42: 46220 | B42: 257.69 | D42: =D41+B42-C42 -> 1257.574 | E42: ف 002905 // توفيق عطولي | G42: 46220 | H42: 1952 | J42: =J41+H42-I42 -> 11206 | K42: ف 002905 // توفيق عطولي
A43: 46223 | C43: 258.33 | D43: =D42+B43-C43 -> 999.244 | E43: ف 002907 // ابو اكرم | G43: 46220 | H43: 18 | J43: =J42+H43-I43 -> 11224 | K43: ف 002906 // تيما
A44: 46223 | B44: 3.63 | D44: =D43+B44-C44 -> 1002.874 | E44: ف 002909 // محمد عمار | G44: 46223 | I44: 1881 | J44: =J43+H44-I44 -> 9343 | K44: ف 002907 // ابو اكرم
A45: 46223 | C45: 117.36 | D45: =D44+B45-C45 -> 885.514 | E45: ف 002911 // سليم عطالله | G45: 46223 | H45: 365 | J45: =J44+H45-I45 -> 9708 | K45: ف 002909 // محمد عمار
A46: 46226 | B46: 544.88 | D46: =D45+B46-C46 -> 1430.394 | E46: ف 002910 // محمد قنديل | G46: 46226 | H46: 3731 | J46: =J45+H46-I46 -> 13439 | K46: ف 002910 // محمد قنديل
A47: 46226 | C47: 511.3 | D47: =D46+B47-C47 -> 919.094 | E47: ف 002912 // محمد قنديل | G47: 46226 | I47: =4000-779 -> 3221 | J47: =J46+H47-I47 -> 10218 | K47: ف 002912 // محمد قنديل
A48: 46226 | B48: 71.02 | D48: =D47+B48-C48 -> 990.114 | E48: ف 002913 // علي زهور | G48: 46226 | H48: 469 | J48: =J47+H48-I48 -> 10687 | K48: ف 002913 // علي زهور
A49: 46226 | B49: 31.52 | D49: =D48+B49-C49 -> 1021.634 | E49: ف 002914 // جرادي محل | G49: 46226 | H49: 475 | J49: =J48+H49-I49 -> 11162 | K49: ف 002914 // جرادي محل
A50: 46226 | B50: 49.78 | D50: =D49+B50-C50 -> 1071.414 | E50: ف 002915 // ابو اكرم | G50: 46226 | H50: 363 | J50: =J49+H50-I50 -> 11525 | K50: ف 002915 // ابو اكرم
A51: 46230 | B51: 110.87 | D51: =D50+B51-C51 -> 1182.284 | E51: ف 002916 // طوني سعد | G51: 46230 | H51: 809 | J51: =J50+H51-I51 -> 12334 | K51: ف 002916 // طوني سعد
A52: 46230 | B52: 3.78 | D52: =D51+B52-C52 -> 1186.064 | E52: ف 002919 // محمد عمار | G52: 46230 | H52: 28 | J52: =J51+H52-I52 -> 12362 | K52: ف 002919 // محمد عمار
A53: 46230 | B53: 147.77 | D53: =D52+B53-C53 -> 1333.834 | E53: ف 002920 // محمد قنديل | G53: 46230 | H53: 167 | J53: =J52+H53-I53 -> 12529 | K53: ف 002920 // محمد قنديل
A54: 46230 | C54: 52.56 | D54: =D53+B54-C54 -> 1281.274 | E54: ف 002921 // حسين شرف | G54: 46230 | H54: 1445 | J54: =J53+H54-I54 -> 13974 | K54: ف 002921 // حسين شرف
A55: 46230 | C55: 258.69 | D55: =D54+B55-C55 -> 1022.584 | E55: ف 002922 // توفيق عطولي | G55: 46230 | H55: 1885 | J55: =J54+H55-I55 -> 15859 | K55: ف 002922 // توفيق عطولي
A56: 46230 | B56: 279.36 | D56: =D55+B56-C56 -> 1301.944 | E56: ف 002922 // توفيق عطولي | G56: 46231 | H56: 312 | J56: =J55+H56-I56 -> 16171 | K56: ف 002923 // محمد قنديل
A57: 46231 | B57: 62.73 | D57: =D56+B57-C57 -> 1364.674 | E57: ف 002923 // محمد قنديل | G57: 46231 | I57: 360 | J57: =J56+H57-I57 -> 15811 | K57: ف 002925 // ابو اكرم
A58: 46231 | C58: 49.78 | D58: =D57+B58-C58 -> 1314.894 | E58: ف 002925 // ابو اكرم | G58: 46231 | I58: 2600 | J58: =J57+H58-I58 -> 13211 | K58: ف 002928 // توفيق عطولي
A59: 46231 | C59: 139.36 | D59: =D58+B59-C59 -> 1175.534 | E59: ف 002928 // توفيق عطولي | G59: 46231 | I59: 503 | J59: =J58+H59-I59 -> 12708 | K59: ف 002929 // محمد عمار
A60: 46231 | C60: 22.38 | D60: =D59+B60-C60 -> 1153.154 | E60: ف 002929 // محمد عمار | G60: 46237 | H60: 559 | J60: =J59+H60-I60 -> 13267 | K60: ف 002930 // قنديل
A61: 46237 | C61: 260.78 | D61: =D60+B61-C61 -> 892.374 | E61: ف 002930 // قنديل | G61: 46237 | I61: 445 | J61: =J60+H61-I61 -> 12822 | K61: ف 002932 // حسين شرف
A62: 46237 | B62: 68.99 | D62: =D61+B62-C62 -> 961.364 | E62: ف 002932 // حسين شرف | G62: 46237 | H62: 700 | J62: =J61+H62-I62 -> 13522 | K62: ف 002933 // قنديل
A63: 46237 | B63: 95.83 | D63: =D62+B63-C63 -> 1057.194 | E63: ف 002933 // قنديل | G63: 46238 | I63: 885 | J63: =J62+H63-I63 -> 12637 | K63: ف 002934 // طوني سعد
A64: 46238 | C64: 171.53 | D64: =D63+B64-C64 -> 885.664 | E64: ف 002934 // طوني سعد | G64: 46238 | H64: 735 | J64: =J63+H64-I64 -> 13372 | K64: ف 002935 // سليم عطالله
A65: 46238 | B65: 29.7 | D65: =D64+B65-C65 -> 915.364 | E65: ف 002935 // سليم عطالله | G65: 46238 | H65: 702 | J65: =J64+H65-I65 -> 14074 | K65: ف 002937 // حسين شرف
A66: 46238 | C66: 61.18 | D66: =D65+B66-C66 -> 854.184 | E66: ف 002937 // حسين شرف | G66: 46238 | H66: 200 | J66: =J65+H66-I66 -> 14274 | K66: هلا محسن
A67: 46238 | B67: 753.39 | D67: =D66+B67-C67 -> 1607.574 | E67: ف 002939 // محمد قنديل | G67: 46238 | H67: 3756 | J67: =J66+H67-I67 -> 18030 | K67: ف 002939 // محمد قنديل
A68: 46238 | B68: 39.42 | D68: =D67+B68-C68 -> 1646.994 | E68: ف 002940 // تيما | G68: 46238 | I68: 1700 | J68: =J67+H68-I68 -> 16330 | K68: ف 002943 // حسين شرف
A69: 46238 | C69: 213.92 | D69: =D68+B69-C69 -> 1433.074 | E69: ف 002943 // حسين شرف | G69: 46238 | I69: 1200 | J69: =J68+H69-I69 -> 15130 | K69: ف 002944 // محمد قنديل
A70: 46238 | C70: 531.5 | D70: =D69+B70-C70 -> 901.574 | E70: ف 002944 // محمد قنديل | G70: 46238 | H70: 26 | J70: =J69+H70-I70 -> 15156 | K70: ف 002944 // محمد قنديل
A71: 46238 | B71: 4.35 | D71: =D70+B71-C71 -> 905.924 | E71: ف 002944 // محمد قنديل | G71: 46238 | H71: 1175 | J71: =J70+H71-I71 -> 16331 | K71: ف 002917 // جرادي
A72: 46238 | C72: 320.65 | D72: =D71+B72-C72 -> 585.274 | E72: ف 002945 // توفيق عطولي | G72: 46239 | H72: 827 | J72: =J71+H72-I72 -> 17158 | K72: ف 002941 // محمد ديبة
A73: 46238 | B73: 161.05 | D73: =D72+B73-C73 -> 746.324 | E73: ف 002917 // جرادي | G73: 46240 | H73: 14700 | I73: 14700 | J73: =J72+H73-I73 -> 17158 | K73: ف 002941 // محمد ديبة
A74: 46239 | B74: 113.37 | D74: =D73+B74-C74 -> 859.694 | E74: ف 002941 // محمد ديبة | G74: 46240 | H74: 4177 | J74: =J73+H74-I74 -> 21335 | K74: ف 002942 // علي زهور
A75: 46240 | B75: 572.42 | D75: =D74+B75-C75 -> 1432.114 | E75: ف 002942 // علي زهور | G75: 46240 | H75: 2111 | J75: =J74+H75-I75 -> 23446 | K75: ف 002945 // توفيق عطولي
A76: 46240 | C76: 2.4 | D76: =D75+B76-C76 -> 1429.714 | E76: ف 002945 // توفيق عطولي | G76: 46240 | H76: 1785 | J76: =J75+H76-I76 -> 25231 | K76: ف 002946 // حسين شرف
A77: 46240 | B77: 244.62 | D77: =D76+B77-C77 -> 1674.334 | E77: ف 002946 // حسين شرف | G77: 46240 | I77: 121 | J77: =J76+H77-I77 -> 25110 | K77: ف 002947 // محمد ديبة
A78: 46240 | C78: 16.61 | D78: =D77+B78-C78 -> 1657.724 | E78: ف 002947 // محمد ديبة | G78: 46240 | H78: 44 | J78: =J77+H78-I78 -> 25154 | K78: ف 002950 // جرادي
A79: 46240 | C79: 100.85 | D79: =D78+B79-C79 -> 1556.874 | E79: ف 002948 // محمد قنديل | G79: 46244 | I79: 1700 | J79: =J78+H79-I79 -> 23454 | K79: ف 002851 // سليم عطالله
A80: 46244 | C80: 643.44 | D80: =D79+B80-C80 -> 913.434 | E80: ف 002949 // علي زهور | G80: 46245 | I80: 275 | J80: =J79+H80-I80 -> 23179 | K80: ف 002855 // حسين شرف
A81: 46244 | C81: 64.57 | D81: =D80+B81-C81 -> 848.864 | E81: ف 002950 // جرادي | G81: 46245 | I81: 6080 | J81: =J80+H81-I81 -> 17099 | K81: ف 002859 // محمد قنديل
A82: 46244 | C82: 103.54 | D82: =D81+B82-C82 -> 745.324 | E82: ف 002851 // سليم عطالله | G82: 46245 | H82: 100 | J82: =J81+H82-I82 -> 17199 | K82: ف 002860 // حسن السلطان
A83: 46245 | B83: 29.88 | D83: =D82+B83-C83 -> 775.204 | E83: ف 002852 // تيما | G83: 46246 | H83: 215 | J83: =J82+H83-I83 -> 17414 | K83: ف 002861 // محمد ديبة
A84: 46245 | C84: 15.44 | D84: =D83+B84-C84 -> 759.764 | E84: ف 002855 // حسين شرف | G84: 46246 | H84: 38 | J84: =J83+H84-I84 -> 17452 | K84: ف 002863 // خليل سرائب
A85: 46245 | C85: 299.8 | D85: =D84+B85-C85 -> 459.964 | E85: ف 002859 // محمد قنديل | G85: 46246 | I85: 1208 | J85: =J84+H85-I85 -> 16244 | K85: ف 002865 // حسين شرف
A86: 46245 | B86: 11.56 | D86: =D85+B86-C86 -> 471.524 | E86: ف 002860 // حسن السلطان | G86: 46246 | H86: 98 | J86: =J85+H86-I86 -> 16342 | K86: ف 002860 // حسن السلطان
A87: 46246 | C87: 1.12 | D87: =D86+B87-C87 -> 470.404 | E87: ف 002861 // محمد ديبة | G87: 46246 | I87: 200 | J87: =J86+H87-I87 -> 16142 | K87: هلا محسن
A88: 46246 | B88: 4.46 | D88: =D87+B88-C88 -> 474.864 | E88: ف 002863 // خليل سرائب | G88: 46246 | H88: 4035 | J88: =J87+H88-I88 -> 20177 | K88: ف 002869 // سامر العبدلله
A89: 46246 | C89: 53.61 | D89: =D88+B89-C89 -> 421.254 | E89: ف 002864 // تيما | G89: 46246 | H89: 1742 | J89: =J88+H89-I89 -> 21919 | K89: ف 002870 // طوني سعد
A90: 46246 | B90: 23.73 | D90: =D89+B90-C90 -> 444.984 | E90: ف 002865 // حسين شرف | G90: 46246 | I90: 1283 | J90: =J89+H90-I90 -> 20636 | K90: ف 002871 // جرادي محل
A91: 46246 | C91: 5.75 | D91: =D90+B91-C91 -> 439.234 | E91: ف 002860 // حسن السلطان | G91: 46247 | H91: 133 | J91: =J90+H91-I91 -> 20769 | K91: ف 002874 // جرادي
A92: 46246 | B92: 608.43 | D92: =D91+B92-C92 -> 1047.664 | E92: ف 002869 // سامر العبدلله | G92: 46247 | H92: 1823 | J92: =J91+H92-I92 -> 22592 | K92: ف 002875 // توفيق عطولي
A93: 46246 | B93: 250.22 | D93: =D92+B93-C93 -> 1297.884 | E93: ف 002870 // طوني سعد | G93: 46247 | I93: 1770 | J93: =J92+H93-I93 -> 20822 | K93: ف 002876 // محمد ديبة
A94: 46246 | C94: 60.13 | D94: =D93+B94-C94 -> 1237.754 | E94: ف 002871 // جرادي محل | G94: 46247 | I94: 4050 | J94: =J93+H94-I94 -> 16772 | K94: ف 002877 // سامر العبدلله
A95: 46247 | C95: 11.02 | D95: =D94+B95-C95 -> 1226.734 | E95: ف 002872 // محمد ديبة | G95: 46248 | I95: 2306 | J95: =J94+H95-I95 -> 14466 | K95: ف 002881 // تيما
A96: 46247 | C96: 177.11 | D96: =D95+B96-C96 -> 1049.624 | E96: ف 002873 // سليم عطالله | G96: 46248 | H96: 1000 | J96: =J95+H96-I96 -> 15466 | K96: ف 002884 // حسين شرف
A97: 46247 | C97: 8.48 | D97: =D96+B97-C97 -> 1041.144 | E97: ف 002874 // جرادي | G97: 46248 | H97: 11170 | J97: =J96+H97-I97 -> 26636 | K97: تعديل جردة
A98: 46247 | C98: 160.9 | D98: =D97+B98-C98 -> 880.244 | E98: pure gold | G98: 46251 | I98: 105 | J98: =J97+H98-I98 -> 26531 | K98: pure gold
A99: 46247 | B99: 426.84 | D99: =D98+B99-C99 -> 1307.084 | E99: تعديل جردة | G99: 46251 | H99: 55 | J99: =J98+H99-I99 -> 26586 | K99: ف 002887 // جرادي
A100: 46247 | B100: 274.82 | D100: =D99+B100-C100 -> 1581.904 | E100: ف 002875 // توفيق عطولي | G100: 46251 | H100: 248 | J100: =J99+H100-I100 -> 26834 | K100: ف 002888 // علي زهور
...

Sheet فارغ (2)
A1: Pro
A2: دهب 995 | D2: =A1 -> Pro | G2: حساب دولار $
A3: من تاريخ :
A4: إلى تاريخ : | G4: إلى تاريخ :
A5: التاريخ | B5: مدفوع له | C5: مستلم منه | D5: الرصيد | E5: البيان | G5: التاريخ | H5: دخول | I5: خروج | J5: الرصيد | K5: البيان
D6: =B6-C6 -> 0 | J6: =H6-I6 -> 0
D7: =D6+B7-C7 -> 0 | J7: =J6+H7-I7 -> 0
D8: =D7+B8-C8 -> 0 | J8: =J7+H8-I8 -> 0
D9: =D8+B9-C9 -> 0 | J9: =J8+H9-I9 -> 0
D10: =D9+B10-C10 -> 0 | J10: =J9+H10-I10 -> 0
D11: =D10+B11-C11 -> 0 | J11: =J10+H11-I11 -> 0
D12: =D11+B12-C12 -> 0 | J12: =J11+H12-I12 -> 0
D13: =D12+B13-C13 -> 0 | J13: =J12+H13-I13 -> 0
D14: =D13+B14-C14 -> 0 | J14: =J13+H14-I14 -> 0
D15: =D14+B15-C15 -> 0 | J15: =J14+H15-I15 -> 0
D16: =D15+B16-C16 -> 0 | J16: =J15+H16-I16 -> 0
D17: =D16+B17-C17 -> 0 | J17: =J16+H17-I17 -> 0
D18: =D17+B18-C18 -> 0 | J18: =J17+H18-I18 -> 0
... D567: =D566+B567-C567 -> 0 | J567: =J566+H567-I567 -> 0
D568: =D567+B568-C568 -> 0 | G568: المجموع | H568: =SUM(H6:H567) -> 0 | I568: =SUM(I6:I567) -> 0 | J568: =H568-I568 -> 0
D569: =D568+B569-C569 -> 0 | G569: الرصيد | H569: =H568-I568 -> 0
D570: =D569+B570-C570 -> 0
D571: =D570+B571-C571 -> 0
D572: =D571+B572-C572 -> 0
D573: =D572+B573-C573 -> 0
D574: =D573+B574-C574 -> 0
D575: =D574+B575-C575 -> 0
D576: =D575+B576-C576 -> 0
D577: =D576+B577-C577 -> 0
D578: =D577+B578-C578 -> 0
D579: =D578+B579-C579 -> 0
D580: =D579+B580-C580 -> 0
D581: =D580+B581-C581 -> 0
... D765: =D764+B765-C765 -> 0
A766: المجموع | B766: =SUM(B6:B765) -> 0 | C766: =SUM(C6:C765) -> 0 | D766: =B766-C766 -> 0
A767: الرصيد | B767: =B766-C766 -> 0
J768: =H569 -> 0 | K768: الرصيد

Sheet Trading
A1: Trading
A2: دهب 995 | D2: =A1 -> Trading | G2: حساب دولار $ | J2: =A1 -> Trading
A3: من تاريخ :
A4: إلى تاريخ : | G4: إلى تاريخ :
A5: التاريخ | B5: بيع | C5: شراء | D5: الرصيد | E5: البيان | G5: التاريخ | H5: شراء | I5: بيع | J5: الرصيد | K5: البيان
A6: 46185 | B6: 96.42 | D6: =B6-C6 -> 96.42 | E6: ف 002808 // عيساوي | G6: 46185 | I6: 12866 | J6: =H6-I6 -> -12866 | K6: ف 002808 // عيساوي
A7: 46185 | B7: 28.3 | D7: =D6+B7-C7 -> 124.72 | E7: ف 002813 // جرادي | G7: 46185 | I7: 3716 | J7: =J6+H7-I7 -> -16582 | K7: ف 002813 // جرادي
A8: 46185 | B8: 38.58 | D8: =D7+B8-C8 -> 163.3 | E8: مبيع مشغول 18 | G8: 46185 | I8: 5252 | J8: =J7+H8-I8 -> -21834 | K8: مبيع مشغول 18
A9: 46189 | B9: 84.38 | D9: =D8+B9-C9 -> 247.68 | E9: ف 002815 // اسيل | G9: 46189 | I9: 11423 | J9: =J8+H9-I9 -> -33257 | K9: ف 002815 // اسيل
A10: 46190 | B10: 0.63 | D10: =D9+B10-C10 -> 248.31 | E10: ف 002818 // نبهان | G10: 46190 | I10: 89 | J10: =J9+H10-I10 -> -33346 | K10: ف 002818 // نبهان
A11: 46190 | C11: 106.04 | D11: =D10+B11-C11 -> 142.27 | E11: شراء | G11: 46190 | H11: 14670 | J11: =J10+H11-I11 -> -18676 | K11: شراء 106.04
A12: 46196 | B12: 40.7 | D12: =D11+B12-C12 -> 182.97 | E12: ف 002821 // جرادي | G12: 46196 | I12: 5400 | J12: =J11+H12-I12 -> -24076 | K12: ف 002821 // جرادي
A13: 46197 | C13: 60 | D13: =D12+B13-C13 -> 122.97 | E13: شراء | G13: 46197 | H13: 7995 | J13: =J12+H13-I13 -> -16081 | K13: شراء 60 غ
A14: 46197 | C14: 4.69 | D14: =D13+B14-C14 -> 118.28 | E14: شراء | G14: 46197 | H14: 650 | J14: =J13+H14-I14 -> -15431 | K14: شراء
A15: 46197 | B15: 17.96 | D15: =D14+B15-C15 -> 136.24 | E15: ف 002820 // محمد عمار | G15: 46197 | I15: 2341 | J15: =J14+H15-I15 -> -17772 | K15: ف 002820 // محمد عمار
A16: 46206 | B16: 69.65 | D16: =D15+B16-C16 -> 205.89 | E16: ف 002827 // محمد عيساوي | G16: 46206 | I16: 9190 | J16: =J15+H16-I16 -> -26962 | K16: ف 002827 // محمد عيساوي
A17: 46206 | B17: 12.11 | D17: =D16+B17-C17 -> 218 | E17: مبيع ربع نص ليرة | G17: 46206 | I17: 1640 | J17: =J16+H17-I17 -> -28602 | K17: مبيع ربع نص ليرة
A18: 46210 | B18: 6.05 | D18: =D17+B18-C18 -> 224.05 | E18: مبيع مشغول 18 | G18: 46210 | I18: 835 | J18: =J17+H18-I18 -> -29437 | K18: مبيع مشغول 18
A19: 46212 | B19: 22.05 | D19: =D18+B19-C19 -> 246.1 | E19: ف 002835 // عيساوي | G19: 46212 | I19: 2952 | J19: =J18+H19-I19 -> -32389 | K19: ف 002835 // عيساوي
A20: 46212 | B20: 22.92 | D20: =D19+B20-C20 -> 269.02 | E20: ف 002838 // عيساوي | G20: 46212 | I20: 2987 | J20: =J19+H20-I20 -> -35376 | K20: ف 002838 // عيساوي
A21: 46213 | B21: 3.12 | D21: =D20+B21-C21 -> 272.14 | E21: ف 002840 // حسن جمال الدين | G21: 46213 | I21: 412 | J21: =J20+H21-I21 -> -35788 | K21: ف 002840 // حسن جمال الدين
A22: 46216 | C22: 62.2 | D22: =D21+B22-C22 -> 209.94 | E22: شراء 2 اونصة وطني | G22: 46216 | H22: 8020 | J22: =J21+H22-I22 -> -27768 | K22: شراء 2 اونصة وطني
A23: 46220 | B23: 77.21 | D23: =D22+B23-C23 -> 287.15 | E23: ف 002850 // سليم عطالله | G23: 46220 | I23: 10000 | J23: =J22+H23-I23 -> -37768 | K23: ف 002850 // سليم عطالله
A24: 46220 | B24: 105.3 | D24: =D23+B24-C24 -> 392.45 | E24: ف 002906 // تيما | G24: 46220 | I24: 13508 | J24: =J23+H24-I24 -> -51276 | K24: ف 002906 // تيما
A25: 46223 | B25: =100+11.57 -> 111.57 | D25: =D24+B25-C25 -> 504.02 | E25: ف 002907 // ابو اكرم | G25: 46223 | I25: =12796+1473 -> 14269 | J25: =J24+H25-I25 -> -65545 | K25: ف 002907 // ابو اكرم
A26: 46226 | C26: 155.5 | D26: =D25+B26-C26 -> 348.52 | E26: شراء 5 اونصات | G26: 46226 | H26: 20305 | J26: =J25+H26-I26 -> -45240 | K26: شراء 5 اونصات
A27: 46226 | C27: 217.7 | D27: =D26+B27-C27 -> 130.82 | E27: شراء 7 اونصات | H27: 27800 | J27: =J26+H27-I27 -> -17440 | K27: شراء 7 اونصات
A28: 46231 | B28: 2.56 | D28: =D27+B28-C28 -> 133.38 | G28: 46231 | I28: 340 | J28: =J27+H28-I28 -> -17780
A29: 46231 | B29: 6.8 | D29: =D28+B29-C29 -> 140.18 | E29: ف 002927 // مصطفى ميسي | G29: 46231 | I29: 884 | J29: =J28+H29-I29 -> -18664 | K29: ف 002927 // مصطفى ميسي
A30: 46232 | B30: 51.31 | D30: =D29+B30-C30 -> 191.49 | E30: مازن | G30: 46232 | I30: 6940 | J30: =J29+H30-I30 -> -25604 | K30: مازن
A31: 46234 | B31: 1.03 | D31: =D30+B31-C31 -> 192.52 | E31: ف 002931 // يوسف مرعي | G31: 46234 | I31: 134 | J31: =J30+H31-I31 -> -25738 | K31: ف 002931 // يوسف مرعي
A32: 46234 | B32: 1.01 | D32: =D31+B32-C32 -> 193.53 | E32: مبيع | G32: 46234 | I32: 130 | J32: =J31+H32-I32 -> -25868 | K32: مبيع
A33: 46234 | B33: 12.81 | D33: =D32+B33-C33 -> 206.34 | E33: مبيع | G33: 46234 | I33: 1675 | J33: =J32+H33-I33 -> -27543 | K33: مبيع
A34: 46238 | B34: 55.74 | D34: =D33+B34-C34 -> 262.08 | E34: مازن | G34: 46238 | I34: 7300 | J34: =J33+H34-I34 -> -34843 | K34: مازن
A35: 46238 | B35: 4.53 | D35: =D34+B35-C35 -> 266.61 | E35: هلا محسن | G35: 46238 | I35: 590 | J35: =J34+H35-I35 -> -35433 | K35: هلا محسن
A36: 46238 | B36: 143.64 | D36: =D35+B36-C36 -> 410.25 | E36: ف 002940 // تيما | G36: 46238 | I36: 18665 | J36: =J35+H36-I36 -> -54098 | K36: ف 002940 // تيما
B37: 6.09 | D37: =D36+B37-C37 -> 416.34 | E37: انور حمية | I37: 810 | J37: =J36+H37-I37 -> -54908 | K37: انور حمية
B38: 5 | D38: =D37+B38-C38 -> 421.34 | E38: انور حمية | I38: 645 | J38: =J37+H38-I38 -> -55553 | K38: انور حمية
C39: 1.73 | D39: =D38+B39-C39 -> 419.61 | E39: ربع ليرة | H39: 240 | J39: =J38+H39-I39 -> -55313 | K39: ربع ليرة
A40: 46245 | C40: 93.3 | D40: =D39+B40-C40 -> 326.31 | E40: شراء 3 اونصات | G40: 46245 | H40: 12900 | J40: =J39+H40-I40 -> -42413 | K40: شراء 3 اونصات
A41: 46245 | B41: 2.14 | D41: =D40+B41-C41 -> 328.45 | E41: مبيع مشغول 18 | G41: 46246 | I41: 305 | J41: =J40+H41-I41 -> -42718 | K41: مبيع مشغول 18
A42: 46245 | B42: 10.35 | D42: =D41+B42-C42 -> 338.8 | E42: مبيع مشغول 18 | G42: 46246 | I42: 1323 | J42: =J41+H42-I42 -> -44041 | K42: مبيع مشغول 18
A43: 46245 | B43: 66.43 | D43: =D42+B43-C43 -> 405.23 | E43: ف 002852 // تيما | G43: 46246 | I43: 9075 | J43: =J42+H43-I43 -> -53116 | K43: ف 002852 // تيما
A44: 46245 | B44: 11.6 | D44: =D43+B44-C44 -> 416.83 | E44: ف 002857 //عنايا | G44: 46246 | I44: 1625 | J44: =J43+H44-I44 -> -54741 | K44: ف 002857 //عنايا
A45: 46245 | B45: 35 | D45: =D44+B45-C45 -> 451.83 | E45: ف 002858 // جورج صبرا | G45: 46246 | I45: 4885 | J45: =J44+H45-I45 -> -59626 | K45: ف 002858 // جورج صبرا
A46: 46246 | C46: 48.86 | D46: =D45+B46-C46 -> 402.97 | E46: شراء | G46: 46246 | H46: 6805 | J46: =J45+H46-I46 -> -52821 | K46: شراء
A47: 46246 | C47: 192.96 | D47: =D46+B47-C47 -> 210.01 | E47: شراء | G47: 46246 | H47: 25000 | J47: =J46+H47-I47 -> -27821
A48: 46247 | B48: 2.69 | D48: =D47+B48-C48 -> 212.7 | E48: مبيع | G48: 46247 | I48: 390 | J48: =J47+H48-I48 -> -28211 | K48: مبيع
A49: 46247 | B49: 0.23 | D49: =D48+B49-C49 -> 212.93 | G49: 46247 | I49: 30 | J49: =J48+H49-I49 -> -28241
A50: 46247 | B50: 5.51 | D50: =D49+B50-C50 -> 218.44 | G50: 46247 | I50: 770 | J50: =J49+H50-I50 -> -29011
A51: 46248 | B51: 0.46 | D51: =D50+B51-C51 -> 218.9 | E51: ف 002882 // نور عطوي | G51: 46248 | I51: 65 | J51: =J50+H51-I51 -> -29076 | K51: ف 002882 // نور عطوي
A52: 46251 | B52: 13.98 | D52: =D51+B52-C52 -> 232.88 | E52: مبيع مشغول 18 | G52: 46251 | I52: 2045 | J52: =J51+H52-I52 -> -31121 | K52: مبيع مشغول 18
A53: 46251 | B53: 1.73 | D53: =D52+B53-C53 -> 234.61 | E53: مبيع | G53: 46251 | I53: 250 | J53: =J52+H53-I53 -> -31371 | K53: مبيع
A54: 46252 | B54: 14.34 | D54: =D53+B54-C54 -> 248.95 | E54: ف 4427 // محمد ديبة | G54: 46252 | I54: 2000 | J54: =J53+H54-I54 -> -33371 | K54: ف 4427 // محمد ديبة
A55: 46252 | B55: 47.01 | D55: =D54+B55-C55 -> 295.96 | E55: ف 4428 // تيما | G55: 46252 | I55: 6630 | J55: =J54+H55-I55 -> -40001 | K55: ف 4428 // تيما
A56: 46252 | B56: 18.17 | D56: =D55+B56-C56 -> 314.13 | E56: ف 4429 // منال مازن | G56: 46252 | I56: 2560 | J56: =J55+H56-I56 -> -42561 | K56: ف 4429 // منال مازن
A57: 46253 | B57: 1.17 | D57: =D56+B57-C57 -> 315.3 | E57: ف 4433 // منال مازن | G57: 46253 | I57: 170 | J57: =J56+H57-I57 -> -42731 | K57: ف 4433 // منال مازن
A58: 46258 | B58: 1.82 | D58: =D57+B58-C58 -> 317.12 | E58: مبيع مشغول 18 | G58: 46258 | I58: 270 | J58: =J57+H58-I58 -> -43001 | K58: مبيع مشغول 18
A59: 46259 | C59: 4.16 | D59: =D58+B59-C59 -> 312.96 | E59: شراء كسر 18 | G59: 46259 | H59: 605 | J59: =J58+H59-I59 -> -42396 | K59: شراء كسر 18
A60: 46259 | C60: 4.92 | D60: =D59+B60-C60 -> 308.04 | E60: ف 4449// ريم كاجوج | G60: 46259 | H60: 725 | J60: =J59+H60-I60 -> -41671 | K60: ف 4449// ريم كاجوج
A61: 46262 | B61: 28.4 | D61: =D60+B61-C61 -> 336.44 | E61: مبيع مشغول 18 | G61: 46262 | I61: 4210 | J61: =J60+H61-I61 -> -45881 | K61: مبيع مشغول 18
A62: 46262 | C62: 31.1 | D62: =D61+B62-C62 -> 305.34 | E62: شراء اونصة | G62: 46262 | H62: 4535 | J62: =J61+H62-I62 -> -41346 | K62: شراء اونصة
A63: 46262 | C63: 31.1 | D63: =D62+B63-C63 -> 274.24 | E63: شراء اونصة | G63: 46262 | H63: 4540 | J63: =J62+H63-I63 -> -36806 | K63: شراء اونصة
A64: 46265 | B64: 159.31 | D64: =D63+B64-C64 -> 433.55 | E64: ف 4457 // محمد عيساوي | G64: 46265 | I64: 23475 | J64: =J63+H64-I64 -> -60281 | K64: ف 4457 // محمد عيساوي
A65: 46267 | C65: 0.54 | D65: =D64+B65-C65 -> 433.01 | E65: شراء | G65: 46267 | H65: 71 | J65: =J64+H65-I65 -> -60210 | K65: شراء
A66: 46268 | B66: 10 | D66: =D65+B66-C66 -> 443.01 | E66: مبيع | G66: 46268 | I66: 1400 | J66: =J65+H66-I66 -> -61610 | K66: مبيع
A67: 46279 | B67: 4.09 | D67: =D66+B67-C67 -> 447.1 | E67: ف 0031 // ناتو | G67: 46279 | I67: 555 | J67: =J66+H67-I67 -> -62165 | K67: ف 0031 // ناتو
A68: 46279 | B68: 15 | D68: =D67+B68-C68 -> 462.1 | E68: ف 0033 // ميراي | G68: 46279 | I68: 2097 | J68: =J67+H68-I68 -> -64262 | K68: ف 0033 // ميراي
A69: 46280 | C69: 0.31 | D69: =D68+B69-C69 -> 461.79 | E69: ف 0040 // نبيل فرحة | G69: 46280 | H69: 42 | J69: =J68+H69-I69 -> -64220 | K69: ف 0040 // نبيل فرحة
A70: 46281 | B70: 17.97 | D70: =D69+B70-C70 -> 479.76 | E70: ايصال 56784 // ميراي | G70: 46281 | I70: 2463 | J70: =J69+H70-I70 -> -66683 | K70: ايصال 56784 // ميراي
A71: 46281 | B71: 31.71 | D71: =D70+B71-C71 -> 511.47 | E71: ايصال 56787 // تيما | G71: 46281 | I71: 4417 | J71: =J70+H71-I71 -> -71100 | K71: ايصال 56787 // تيما
A72: 46286 | B72: 21.1 | D72: =D71+B72-C72 -> 532.57 | E72: مبيع 3 ليرات | G72: 46286 | I72: 2985 | J72: =J71+H72-I72 -> -74085 | K72: مبيع 3 ليرات
A73: 46287 | B73: 18.98 | D73: =D72+B73-C73 -> 551.55 | E73: ف 0059 // اديل كاش | G73: 46287 | I73: 2749 | J73: =J72+H73-I73 -> -76834 | K73: ف 0059 // اديل كاش
A74: 46287 | B74: 7.53 | D74: =D73+B74-C74 -> 559.08 | E74: ف 0060 // حسين شرف | G74: 46287 | I74: 1000 | J74: =J73+H74-I74 -> -77834 | K74: ف 0060 // حسين شرف
D75: =D74+B75-C75 -> 559.08 | J75: =J74+H75-I75 -> -77834
D76: =D75+B76-C76 -> 559.08 | J76: =J75+H76-I76 -> -77834
D77: =D76+B77-C77 -> 559.08 | J77: =J76+H77-I77 -> -77834
D78: =D77+B78-C78 -> 559.08 | J78: =J77+H78-I78 -> -77834
D79: =D78+B79-C79 -> 559.08 | J79: =J78+H79-I79 -> -77834
D80: =D79+B80-C80 -> 559.08 | J80: =J79+H80-I80 -> -77834
D81: =D80+B81-C81 -> 559.08 | J81: =J80+H81-I81 -> -77834
D82: =D81+B82-C82 -> 559.08 | J82: =J81+H82-I82 -> -77834
D83: =D82+B83-C83 -> 559.08 | J83: =J82+H83-I83 -> -77834
D84: =D83+B84-C84 -> 559.08 | J84: =J83+H84-I84 -> -77834
D85: =D84+B85-C85 -> 559.08 | J85: =J84+H85-I85 -> -77834
D86: =D85+B86-C86 -> 559.08 | J86: =J85+H86-I86 -> -77834
... D134: =D133+B134-C134 -> 559.08 | J134: =J133+H134-I134 -> -77834
D135: =D134+B135-C135 -> 559.08 | E135: شراء 3 فلكبي و 8 وطني | J135: =J134+H135-I135 -> -77834
D136: =D135+B136-C136 -> 559.08 | E136: شراء 200 غ 32.969 / حساب مازن | J136: =J135+H136-I136 -> -77834
D137: =D136+B137-C137 -> 559.08 | E137: بيع مساهمين 5195 - 10$ | J137: =J136+H137-I137 -> -77834
D138: =D137+B138-C138 -> 559.08 | J138: =J137+H138-I138 -> -77834
D139: =D138+B139-C139 -> 559.08 | J139: =J138+H139-I139 -> -77834
D140: =D139+B140-C140 -> 559.08 | J140: =J139+H140-I140 -> -77834
D141: =D140+B141-C141 -> 559.08 | J141: =J140+H141-I141 -> -77834
D142: =D141+B142-C142 -> 559.08 | J142: =J141+H142-I142 -> -77834
D143: =D142+B143-C143 -> 559.08 | J143: =J142+H143-I143 -> -77834
D144: =D143+B144-C144 -> 559.08 | J144: =J143+H144-I144 -> -77834
D145: =D144+B145-C145 -> 559.08 | J145: =J144+H145-I145 -> -77834
D146: =D145+B146-C146 -> 559.08 | J146: =J145+H146-I146 -> -77834
D147: =D146+B147-C147 -> 559.08 | J147: =J146+H147-I147 -> -77834
...

Sheet silver
A1: مصاريف تشغيلية
A2: دهب 995 | D2: =A1 -> مصاريف تشغيلية | G2: حساب دولار $ | J2: SILVER
A3: من تاريخ :
A4: إلى تاريخ : | G4: إلى تاريخ :
A5: التاريخ | B5: مدفوع له | C5: مستلم منه | D5: الرصيد | E5: البيان | G5: التاريخ | H5: مدفوع | I5: مرتجع مصروف | J5: رصيد المصروف | K5: البيان
D6: =B6-C6 -> 0 | H6: 31130 | J6: =H6-I6 -> 31130 | K6: 15200
D7: =D6+B7-C7 -> 0 | I7: 16385 | J7: =J6+H7-I7 -> 14745 | K7: 8000
D8: =D7+B8-C8 -> 0 | J8: =J7+H8-I8 -> 14745
D9: =D8+B9-C9 -> 0 | J9: =J8+H9-I9 -> 14745
D10: =D9+B10-C10 -> 0 | J10: =J9+H10-I10 -> 14745
D11: =D10+B11-C11 -> 0 | J11: =J10+H11-I11 -> 14745
D12: =D11+B12-C12 -> 0 | J12: =J11+H12-I12 -> 14745
D13: =D12+B13-C13 -> 0 | J13: =J12+H13-I13 -> 14745
D14: =D13+B14-C14 -> 0 | J14: =J13+H14-I14 -> 14745
J15: =J14+H15-I15 -> 14745
J16: =J15+H16-I16 -> 14745
D17: =D14+B17-C17 -> 0 | J17: =J16+H17-I17 -> 14745
D18: =D17+B18-C18 -> 0 | J18: =J17+H18-I18 -> 14745
D19: =D18+B19-C19 -> 0 | J19: =J18+H19-I19 -> 14745
D20: =D19+B20-C20 -> 0 | J20: =J19+H20-I20 -> 14745
D21: =D20+B21-C21 -> 0 | J21: =J20+H21-I21 -> 14745
D22: =D21+B22-C22 -> 0 | J22: =J21+H22-I22 -> 14745
D23: =D22+B23-C23 -> 0 | J23: =J22+H23-I23 -> 14745
D24: =D23+B24-C24 -> 0 | J24: =J23+H24-I24 -> 14745
J25: =J24+H25-I25 -> 14745
D26: =D24+B26-C26 -> 0 | J26: =J25+H26-I26 -> 14745
D27: =D26+B27-C27 -> 0 | J27: =J26+H27-I27 -> 14745
J28: =J27+H28-I28 -> 14745
D29: =D27+B29-C29 -> 0 | J29: =J28+H29-I29 -> 14745
D30: =D29+B30-C30 -> 0 | J30: =J29+H30-I30 -> 14745
J31: =J30+H31-I31 -> 14745
D32: =D30+B32-C32 -> 0 | J32: =J31+H32-I32 -> 14745
J33: =J32+H33-I33 -> 14745
D34: =D32+B34-C34 -> 0 | J34: =J33+H34-I34 -> 14745
J35: =J34+H35-I35 -> 14745
D36: =D34+B36-C36 -> 0 | J36: =J35+H36-I36 -> 14745
D37: =D36+B37-C37 -> 0 | J37: =J36+H37-I37 -> 14745
J38: =J37+H38-I38 -> 14745
J39: =J38+H39-I39 -> 14745
D40: =D37+B40-C40 -> 0 | J40: =J39+H40-I40 -> 14745
D41: =D40+B41-C41 -> 0 | G41: 46234 | J41: =J40+H41-I41 -> 14745
G42: 46238 | J42: =J41+H42-I42 -> 14745
D43: =D41+B43-C43 -> 0 | G43: 46245 | J43: =J42+H43-I43 -> 14745
D44: =D43+B44-C44 -> 0 | G44: 46245 | J44: =J43+H44-I44 -> 14745
G45: 46246 | J45: =J44+H45-I45 -> 14745
G46: 46248 | J46: =J45+H46-I46 -> 14745
D47: =D44+B47-C47 -> 0 | J47: =J46+H47-I47 -> 14745
D48: =#REF!+B48-C48 -> #REF! | J48: =J47+H48-I48 -> 14745
D49: =D48+B49-C49 -> #REF! | J49: =J48+H49-I49 -> 14745
D50: =D49+B50-C50 -> #REF! | J50: =J49+H50-I50 -> 14745
D51: =D50+B51-C51 -> #REF! | J51: =J50+H51-I51 -> 14745
D52: =D51+B52-C52 -> #REF! | J52: =J51+H52-I52 -> 14745
D53: =D52+B53-C53 -> #REF! | J53: =J52+H53-I53 -> 14745
J54: =J53+H54-I54 -> 14745
D55: =D53+B55-C55 -> #REF! | J55: =J54+H55-I55 -> 14745
D56: =D55+B56-C56 -> #REF! | J56: =J55+H56-I56 -> 14745
J57: =J56+H57-I57 -> 14745
D58: =D56+B58-C58 -> #REF! | J58: =J57+H58-I58 -> 14745
D59: =D58+B59-C59 -> #REF! | J59: =J58+H59-I59 -> 14745
D60: =D59+B60-C60 -> #REF! | J60: =J59+H60-I60 -> 14745
D61: =D60+B61-C61 -> #REF! | J61: =J60+H61-I61 -> 14745
D62: =D61+B62-C62 -> #REF! | J62: =J61+H62-I62 -> 14745
D63: =D62+B63-C63 -> #REF! | J63: =J62+H63-I63 -> 14745
D64: =D63+B64-C64 -> #REF! | J64: =J63+H64-I64 -> 14745
D65: =D64+B65-C65 -> #REF! | J65: =J64+H65-I65 -> 14745
D66: =D65+B66-C66 -> #REF! | J66: =J65+H66-I66 -> 14745
D67: =D66+B67-C67 -> #REF! | J67: =J66+H67-I67 -> 14745
D68: =D67+B68-C68 -> #REF! | J68: =J67+H68-I68 -> 14745
D69: =D68+B69-C69 -> #REF! | J69: =J68+H69-I69 -> 14745
D70: =D69+B70-C70 -> #REF! | J70: =J69+H70-I70 -> 14745
... D580: =D579+B580-C580 -> #REF! | J580: =J579+H580-I580 -> 14745
D581: =D580+B581-C581 -> #REF! | G581: المجموع | H581: =SUM(H6:H580) -> 31130 | I581: =SUM(I6:I580) -> 16385 | J581: =H581-I581 -> 14745
D582: =D581+B582-C582 -> #REF! | G582: الرصيد | H582: =H581-I581 -> 14745
D583: =D582+B583-C583 -> #REF!
D584: =D583+B584-C584 -> #REF!
D585: =D584+B585-C585 -> #REF!
D586: =D585+B586-C586 -> #REF!
D587: =D586+B587-C587 -> #REF!
D588: =D587+B588-C588 -> #REF!
D589: =D588+B589-C589 -> #REF!
D590: =D589+B590-C590 -> #REF!
D591: =D590+B591-C591 -> #REF!
D592: =D591+B592-C592 -> #REF!
D593: =D592+B593-C593 -> #REF!
D594: =D593+B594-C594 -> #REF!
... D778: =D777+B778-C778 -> #REF!
A779: المجموع | B779: =SUM(B6:B778) -> 0 | C779: =SUM(C6:C778) -> 0 | D779: =B779-C779 -> 0
A780: الرصيد | B780: =B779-C779 -> 0
J781: =H582 -> 14745 | K781: الرصيد

Sheet شمع
A1: مصاريف تشغيلية
A2: دهب 995 | D2: =A1 -> مصاريف تشغيلية | G2: حساب دولار $ | J2: شمع
A3: من تاريخ :
A4: إلى تاريخ : | G4: إلى تاريخ :
A5: التاريخ | B5: مدفوع له | C5: مستلم منه | D5: الرصيد | E5: البيان | G5: التاريخ | H5: مدفوع | I5: مرتجع مصروف | J5: رصيد المصروف | K5: البيان
D6: =B6-C6 -> 0 | J6: =H6-I6 -> 0
D7: =D6+B7-C7 -> 0 | J7: =J6+H7-I7 -> 0
D8: =D7+B8-C8 -> 0 | J8: =J7+H8-I8 -> 0
D9: =D8+B9-C9 -> 0 | J9: =J8+H9-I9 -> 0
D10: =D9+B10-C10 -> 0 | J10: =J9+H10-I10 -> 0
D11: =D10+B11-C11 -> 0 | J11: =J10+H11-I11 -> 0
D12: =D11+B12-C12 -> 0 | J12: =J11+H12-I12 -> 0
D13: =D12+B13-C13 -> 0 | J13: =J12+H13-I13 -> 0
D14: =D13+B14-C14 -> 0 | J14: =J13+H14-I14 -> 0
J15: =J14+H15-I15 -> 0
J16: =J15+H16-I16 -> 0
D17: =D14+B17-C17 -> 0 | J17: =J16+H17-I17 -> 0
D18: =D17+B18-C18 -> 0 | J18: =J17+H18-I18 -> 0
D19: =D18+B19-C19 -> 0 | J19: =J18+H19-I19 -> 0
D20: =D19+B20-C20 -> 0 | J20: =J19+H20-I20 -> 0
D21: =D20+B21-C21 -> 0 | J21: =J20+H21-I21 -> 0
D22: =D21+B22-C22 -> 0 | J22: =J21+H22-I22 -> 0
D23: =D22+B23-C23 -> 0 | J23: =J22+H23-I23 -> 0
D24: =D23+B24-C24 -> 0 | J24: =J23+H24-I24 -> 0
J25: =J24+H25-I25 -> 0
D26: =D24+B26-C26 -> 0 | J26: =J25+H26-I26 -> 0
D27: =D26+B27-C27 -> 0 | J27: =J26+H27-I27 -> 0
J28: =J27+H28-I28 -> 0
D29: =D27+B29-C29 -> 0 | J29: =J28+H29-I29 -> 0
D30: =D29+B30-C30 -> 0 | J30: =J29+H30-I30 -> 0
J31: =J30+H31-I31 -> 0
D32: =D30+B32-C32 -> 0 | J32: =J31+H32-I32 -> 0
J33: =J32+H33-I33 -> 0
D34: =D32+B34-C34 -> 0 | J34: =J33+H34-I34 -> 0
J35: =J34+H35-I35 -> 0
D36: =D34+B36-C36 -> 0 | J36: =J35+H36-I36 -> 0
D37: =D36+B37-C37 -> 0 | J37: =J36+H37-I37 -> 0
J38: =J37+H38-I38 -> 0
J39: =J38+H39-I39 -> 0
D40: =D37+B40-C40 -> 0 | J40: =J39+H40-I40 -> 0
D41: =D40+B41-C41 -> 0 | G41: 46234 | J41: =J40+H41-I41 -> 0
G42: 46238 | J42: =J41+H42-I42 -> 0
D43: =D41+B43-C43 -> 0 | G43: 46245 | J43: =J42+H43-I43 -> 0
D44: =D43+B44-C44 -> 0 | G44: 46245 | J44: =J43+H44-I44 -> 0
G45: 46246 | J45: =J44+H45-I45 -> 0
G46: 46248 | J46: =J45+H46-I46 -> 0
D47: =D44+B47-C47 -> 0 | J47: =J46+H47-I47 -> 0
D48: =#REF!+B48-C48 -> #REF! | J48: =J47+H48-I48 -> 0
D49: =D48+B49-C49 -> #REF! | J49: =J48+H49-I49 -> 0
D50: =D49+B50-C50 -> #REF! | J50: =J49+H50-I50 -> 0
D51: =D50+B51-C51 -> #REF! | J51: =J50+H51-I51 -> 0
D52: =D51+B52-C52 -> #REF! | J52: =J51+H52-I52 -> 0
D53: =D52+B53-C53 -> #REF! | J53: =J52+H53-I53 -> 0
J54: =J53+H54-I54 -> 0
D55: =D53+B55-C55 -> #REF! | J55: =J54+H55-I55 -> 0
D56: =D55+B56-C56 -> #REF! | J56: =J55+H56-I56 -> 0
J57: =J56+H57-I57 -> 0
D58: =D56+B58-C58 -> #REF! | J58: =J57+H58-I58 -> 0
D59: =D58+B59-C59 -> #REF! | J59: =J58+H59-I59 -> 0
D60: =D59+B60-C60 -> #REF! | J60: =J59+H60-I60 -> 0
D61: =D60+B61-C61 -> #REF! | J61: =J60+H61-I61 -> 0
D62: =D61+B62-C62 -> #REF! | J62: =J61+H62-I62 -> 0
D63: =D62+B63-C63 -> #REF! | J63: =J62+H63-I63 -> 0
D64: =D63+B64-C64 -> #REF! | J64: =J63+H64-I64 -> 0
D65: =D64+B65-C65 -> #REF! | J65: =J64+H65-I65 -> 0
D66: =D65+B66-C66 -> #REF! | J66: =J65+H66-I66 -> 0
D67: =D66+B67-C67 -> #REF! | J67: =J66+H67-I67 -> 0
D68: =D67+B68-C68 -> #REF! | J68: =J67+H68-I68 -> 0
D69: =D68+B69-C69 -> #REF! | J69: =J68+H69-I69 -> 0
D70: =D69+B70-C70 -> #REF! | J70: =J69+H70-I70 -> 0
... D580: =D579+B580-C580 -> #REF! | J580: =J579+H580-I580 -> 0
D581: =D580+B581-C581 -> #REF! | G581: المجموع | H581: =SUM(H6:H580) -> 0 | I581: =SUM(I6:I580) -> 0 | J581: =H581-I581 -> 0
D582: =D581+B582-C582 -> #REF! | G582: الرصيد | H582: =H581-I581 -> 0
D583: =D582+B583-C583 -> #REF!
D584: =D583+B584-C584 -> #REF!
D585: =D584+B585-C585 -> #REF!
D586: =D585+B586-C586 -> #REF!
D587: =D586+B587-C587 -> #REF!
D588: =D587+B588-C588 -> #REF!
D589: =D588+B589-C589 -> #REF!
D590: =D589+B590-C590 -> #REF!
D591: =D590+B591-C591 -> #REF!
D592: =D591+B592-C592 -> #REF!
D593: =D592+B593-C593 -> #REF!
D594: =D593+B594-C594 -> #REF!
... D778: =D777+B778-C778 -> #REF!
A779: المجموع | B779: =SUM(B6:B778) -> 0 | C779: =SUM(C6:C778) -> 0 | D779: =B779-C779 -> 0
A780: الرصيد | B780: =B779-C779 -> 0
J781: =H582 -> 0 | K781: الرصيد

Sheet ALLOY
A1: مصاريف تشغيلية
A2: دهب 995 | D2: =A1 -> مصاريف تشغيلية | G2: حساب دولار $ | J2: شمع
A3: من تاريخ :
A4: إلى تاريخ : | G4: إلى تاريخ :
A5: التاريخ | B5: مدفوع له | C5: مستلم منه | D5: الرصيد | E5: البيان | G5: التاريخ | H5: مدفوع | I5: مرتجع مصروف | J5: رصيد المصروف | K5: البيان
D6: =B6-C6 -> 0 | G6: 46287 | H6: 381 | J6: =H6-I6 -> 381 | K6: 2541.15 * 150$
D7: =D6+B7-C7 -> 0 | J7: =J6+H7-I7 -> 381
D8: =D7+B8-C8 -> 0 | J8: =J7+H8-I8 -> 381
D9: =D8+B9-C9 -> 0 | J9: =J8+H9-I9 -> 381
D10: =D9+B10-C10 -> 0 | J10: =J9+H10-I10 -> 381
D11: =D10+B11-C11 -> 0 | J11: =J10+H11-I11 -> 381
D12: =D11+B12-C12 -> 0 | J12: =J11+H12-I12 -> 381
D13: =D12+B13-C13 -> 0 | J13: =J12+H13-I13 -> 381
D14: =D13+B14-C14 -> 0 | J14: =J13+H14-I14 -> 381
J15: =J14+H15-I15 -> 381
J16: =J15+H16-I16 -> 381
D17: =D14+B17-C17 -> 0 | J17: =J16+H17-I17 -> 381
D18: =D17+B18-C18 -> 0 | J18: =J17+H18-I18 -> 381
D19: =D18+B19-C19 -> 0 | J19: =J18+H19-I19 -> 381
D20: =D19+B20-C20 -> 0 | J20: =J19+H20-I20 -> 381
D21: =D20+B21-C21 -> 0 | J21: =J20+H21-I21 -> 381
D22: =D21+B22-C22 -> 0 | J22: =J21+H22-I22 -> 381
D23: =D22+B23-C23 -> 0 | J23: =J22+H23-I23 -> 381
D24: =D23+B24-C24 -> 0 | J24: =J23+H24-I24 -> 381
J25: =J24+H25-I25 -> 381
D26: =D24+B26-C26 -> 0 | J26: =J25+H26-I26 -> 381
D27: =D26+B27-C27 -> 0 | J27: =J26+H27-I27 -> 381
J28: =J27+H28-I28 -> 381
D29: =D27+B29-C29 -> 0 | J29: =J28+H29-I29 -> 381
D30: =D29+B30-C30 -> 0 | J30: =J29+H30-I30 -> 381
J31: =J30+H31-I31 -> 381
D32: =D30+B32-C32 -> 0 | J32: =J31+H32-I32 -> 381
J33: =J32+H33-I33 -> 381
D34: =D32+B34-C34 -> 0 | J34: =J33+H34-I34 -> 381
J35: =J34+H35-I35 -> 381
D36: =D34+B36-C36 -> 0 | J36: =J35+H36-I36 -> 381
D37: =D36+B37-C37 -> 0 | J37: =J36+H37-I37 -> 381
J38: =J37+H38-I38 -> 381
J39: =J38+H39-I39 -> 381
D40: =D37+B40-C40 -> 0 | J40: =J39+H40-I40 -> 381
D41: =D40+B41-C41 -> 0 | G41: 46234 | J41: =J40+H41-I41 -> 381
G42: 46238 | J42: =J41+H42-I42 -> 381
D43: =D41+B43-C43 -> 0 | G43: 46245 | J43: =J42+H43-I43 -> 381
D44: =D43+B44-C44 -> 0 | G44: 46245 | J44: =J43+H44-I44 -> 381
G45: 46246 | J45: =J44+H45-I45 -> 381
G46: 46248 | J46: =J45+H46-I46 -> 381
D47: =D44+B47-C47 -> 0 | J47: =J46+H47-I47 -> 381
D48: =#REF!+B48-C48 -> #REF! | J48: =J47+H48-I48 -> 381
D49: =D48+B49-C49 -> #REF! | J49: =J48+H49-I49 -> 381
D50: =D49+B50-C50 -> #REF! | J50: =J49+H50-I50 -> 381
D51: =D50+B51-C51 -> #REF! | J51: =J50+H51-I51 -> 381
D52: =D51+B52-C52 -> #REF! | J52: =J51+H52-I52 -> 381
D53: =D52+B53-C53 -> #REF! | J53: =J52+H53-I53 -> 381
J54: =J53+H54-I54 -> 381
D55: =D53+B55-C55 -> #REF! | J55: =J54+H55-I55 -> 381
D56: =D55+B56-C56 -> #REF! | J56: =J55+H56-I56 -> 381
J57: =J56+H57-I57 -> 381
D58: =D56+B58-C58 -> #REF! | J58: =J57+H58-I58 -> 381
D59: =D58+B59-C59 -> #REF! | J59: =J58+H59-I59 -> 381
D60: =D59+B60-C60 -> #REF! | J60: =J59+H60-I60 -> 381
D61: =D60+B61-C61 -> #REF! | J61: =J60+H61-I61 -> 381
D62: =D61+B62-C62 -> #REF! | J62: =J61+H62-I62 -> 381
D63: =D62+B63-C63 -> #REF! | J63: =J62+H63-I63 -> 381
D64: =D63+B64-C64 -> #REF! | J64: =J63+H64-I64 -> 381
D65: =D64+B65-C65 -> #REF! | J65: =J64+H65-I65 -> 381
D66: =D65+B66-C66 -> #REF! | J66: =J65+H66-I66 -> 381
D67: =D66+B67-C67 -> #REF! | J67: =J66+H67-I67 -> 381
D68: =D67+B68-C68 -> #REF! | J68: =J67+H68-I68 -> 381
D69: =D68+B69-C69 -> #REF! | J69: =J68+H69-I69 -> 381
D70: =D69+B70-C70 -> #REF! | J70: =J69+H70-I70 -> 381
... D580: =D579+B580-C580 -> #REF! | J580: =J579+H580-I580 -> 381
D581: =D580+B581-C581 -> #REF! | G581: المجموع | H581: =SUM(H6:H580) -> 381 | I581: =SUM(I6:I580) -> 0 | J581: =H581-I581 -> 381
D582: =D581+B582-C582 -> #REF! | G582: الرصيد | H582: =H581-I581 -> 381
D583: =D582+B583-C583 -> #REF!
D584: =D583+B584-C584 -> #REF!
D585: =D584+B585-C585 -> #REF!
D586: =D585+B586-C586 -> #REF!
D587: =D586+B587-C587 -> #REF!
D588: =D587+B588-C588 -> #REF!
D589: =D588+B589-C589 -> #REF!
D590: =D589+B590-C590 -> #REF!
D591: =D590+B591-C591 -> #REF!
D592: =D591+B592-C592 -> #REF!
D593: =D592+B593-C593 -> #REF!
D594: =D593+B594-C594 -> #REF!
... D778: =D777+B778-C778 -> #REF!
A779: المجموع | B779: =SUM(B6:B778) -> 0 | C779: =SUM(C6:C778) -> 0 | D779: =B779-C779 -> 0
A780: الرصيد | B780: =B779-C779 -> 0
J781: =H582 -> 381 | K781: الرصيد

Sheet ALLOY (2)
A1: مصاريف تشغيلية
A2: دهب 995 | D2: =A1 -> مصاريف تشغيلية | G2: حساب دولار $ | J2: شمع
A3: من تاريخ :
A4: إلى تاريخ : | G4: إلى تاريخ :
A5: التاريخ | B5: مدفوع له | C5: مستلم منه | D5: الرصيد | E5: البيان | G5: التاريخ | H5: مدفوع | I5: مرتجع مصروف | J5: رصيد المصروف | K5: البيان
D6: =B6-C6 -> 0 | J6: =H6-I6 -> 0
D7: =D6+B7-C7 -> 0 | J7: =J6+H7-I7 -> 0
D8: =D7+B8-C8 -> 0 | J8: =J7+H8-I8 -> 0
D9: =D8+B9-C9 -> 0 | J9: =J8+H9-I9 -> 0
D10: =D9+B10-C10 -> 0 | J10: =J9+H10-I10 -> 0
D11: =D10+B11-C11 -> 0 | J11: =J10+H11-I11 -> 0
D12: =D11+B12-C12 -> 0 | J12: =J11+H12-I12 -> 0
D13: =D12+B13-C13 -> 0 | J13: =J12+H13-I13 -> 0
D14: =D13+B14-C14 -> 0 | J14: =J13+H14-I14 -> 0
J15: =J14+H15-I15 -> 0
J16: =J15+H16-I16 -> 0
D17: =D14+B17-C17 -> 0 | J17: =J16+H17-I17 -> 0
D18: =D17+B18-C18 -> 0 | J18: =J17+H18-I18 -> 0
D19: =D18+B19-C19 -> 0 | J19: =J18+H19-I19 -> 0
D20: =D19+B20-C20 -> 0 | J20: =J19+H20-I20 -> 0
D21: =D20+B21-C21 -> 0 | J21: =J20+H21-I21 -> 0
D22: =D21+B22-C22 -> 0 | J22: =J21+H22-I22 -> 0
D23: =D22+B23-C23 -> 0 | J23: =J22+H23-I23 -> 0
D24: =D23+B24-C24 -> 0 | J24: =J23+H24-I24 -> 0
J25: =J24+H25-I25 -> 0
D26: =D24+B26-C26 -> 0 | J26: =J25+H26-I26 -> 0
D27: =D26+B27-C27 -> 0 | J27: =J26+H27-I27 -> 0
J28: =J27+H28-I28 -> 0
D29: =D27+B29-C29 -> 0 | J29: =J28+H29-I29 -> 0
D30: =D29+B30-C30 -> 0 | J30: =J29+H30-I30 -> 0
J31: =J30+H31-I31 -> 0
D32: =D30+B32-C32 -> 0 | J32: =J31+H32-I32 -> 0
J33: =J32+H33-I33 -> 0
D34: =D32+B34-C34 -> 0 | J34: =J33+H34-I34 -> 0
J35: =J34+H35-I35 -> 0
D36: =D34+B36-C36 -> 0 | J36: =J35+H36-I36 -> 0
D37: =D36+B37-C37 -> 0 | J37: =J36+H37-I37 -> 0
J38: =J37+H38-I38 -> 0
J39: =J38+H39-I39 -> 0
D40: =D37+B40-C40 -> 0 | J40: =J39+H40-I40 -> 0
D41: =D40+B41-C41 -> 0 | G41: 46234 | J41: =J40+H41-I41 -> 0
G42: 46238 | J42: =J41+H42-I42 -> 0
D43: =D41+B43-C43 -> 0 | G43: 46245 | J43: =J42+H43-I43 -> 0
D44: =D43+B44-C44 -> 0 | G44: 46245 | J44: =J43+H44-I44 -> 0
G45: 46246 | J45: =J44+H45-I45 -> 0
G46: 46248 | J46: =J45+H46-I46 -> 0
D47: =D44+B47-C47 -> 0 | J47: =J46+H47-I47 -> 0
D48: =#REF!+B48-C48 -> #REF! | J48: =J47+H48-I48 -> 0
D49: =D48+B49-C49 -> #REF! | J49: =J48+H49-I49 -> 0
D50: =D49+B50-C50 -> #REF! | J50: =J49+H50-I50 -> 0
D51: =D50+B51-C51 -> #REF! | J51: =J50+H51-I51 -> 0
D52: =D51+B52-C52 -> #REF! | J52: =J51+H52-I52 -> 0
D53: =D52+B53-C53 -> #REF! | J53: =J52+H53-I53 -> 0
J54: =J53+H54-I54 -> 0
D55: =D53+B55-C55 -> #REF! | J55: =J54+H55-I55 -> 0
D56: =D55+B56-C56 -> #REF! | J56: =J55+H56-I56 -> 0
J57: =J56+H57-I57 -> 0
D58: =D56+B58-C58 -> #REF! | J58: =J57+H58-I58 -> 0
D59: =D58+B59-C59 -> #REF! | J59: =J58+H59-I59 -> 0
D60: =D59+B60-C60 -> #REF! | J60: =J59+H60-I60 -> 0
D61: =D60+B61-C61 -> #REF! | J61: =J60+H61-I61 -> 0
D62: =D61+B62-C62 -> #REF! | J62: =J61+H62-I62 -> 0
D63: =D62+B63-C63 -> #REF! | J63: =J62+H63-I63 -> 0
D64: =D63+B64-C64 -> #REF! | J64: =J63+H64-I64 -> 0
D65: =D64+B65-C65 -> #REF! | J65: =J64+H65-I65 -> 0
D66: =D65+B66-C66 -> #REF! | J66: =J65+H66-I66 -> 0
D67: =D66+B67-C67 -> #REF! | J67: =J66+H67-I67 -> 0
D68: =D67+B68-C68 -> #REF! | J68: =J67+H68-I68 -> 0
D69: =D68+B69-C69 -> #REF! | J69: =J68+H69-I69 -> 0
D70: =D69+B70-C70 -> #REF! | J70: =J69+H70-I70 -> 0
... D580: =D579+B580-C580 -> #REF! | J580: =J579+H580-I580 -> 0
D581: =D580+B581-C581 -> #REF! | G581: المجموع | H581: =SUM(H6:H580) -> 0 | I581: =SUM(I6:I580) -> 0 | J581: =H581-I581 -> 0
D582: =D581+B582-C582 -> #REF! | G582: الرصيد | H582: =H581-I581 -> 0
D583: =D582+B583-C583 -> #REF!
D584: =D583+B584-C584 -> #REF!
D585: =D584+B585-C585 -> #REF!
D586: =D585+B586-C586 -> #REF!
D587: =D586+B587-C587 -> #REF!
D588: =D587+B588-C588 -> #REF!
D589: =D588+B589-C589 -> #REF!
D590: =D589+B590-C590 -> #REF!
D591: =D590+B591-C591 -> #REF!
D592: =D591+B592-C592 -> #REF!
D593: =D592+B593-C593 -> #REF!
D594: =D593+B594-C594 -> #REF!
... D778: =D777+B778-C778 -> #REF!
A779: المجموع | B779: =SUM(B6:B778) -> 0 | C779: =SUM(C6:C778) -> 0 | D779: =B779-C779 -> 0
A780: الرصيد | B780: =B779-C779 -> 0
J781: =H582 -> 0 | K781: الرصيد

Sheet مشغول 18 (2)
A2: دهب 995 | D2: =A1 | G2: حساب دولار $ | J2: اجور ذهب مشغول 18
A3: من تاريخ :
A4: إلى تاريخ : | G4: إلى تاريخ :
A5: التاريخ | B5: دخول | C5: خروج | D5: الرصيد | E5: البيان | G5: التاريخ | H5: مدفوع له | I5: مستلم منه | J5: الرصيد | K5: البيان
A6: 46157 | B6: 582.34 | D6: =B6-C6 -> 582.34 | E6: مستلم من ناتو مشغول 18 | G6: 46161 | I6: 678 | J6: =H6-I6 -> -678 | K6: تسليم محمد محابس 18 // 193.64 غ
A7: 46157 | B7: 193.64 | D7: =D6+B7-C7 -> 775.98 | E7: مستلم من ناتو مشغول 18 محابس | I7: 240 | J7: =J6+H7-I7 -> -918 | K7: تسليم الزاوية 32.34 غ //18
A8: 46161 | C8: 193.64 | D8: =D7+B8-C8 -> 582.34 | E8: تسليم محمد محابس 18 | I8: 317 | J8: =J7+H8-I8 -> -1235 | K8: تسليم وسيم تميمي مشغول 18 // 70.51 غ
A9: 46164 | C9: 32.34 | D9: =D8+B9-C9 -> 550 | E9: تسليم الزاوية | G9: 46168 | I9: 320 | J9: =J8+H9-I9 -> -1555 | K9: تسليم احمد كنجو مشغول 18
A10: 46167 | C10: 70.51 | D10: =D9+B10-C10 -> 479.49 | E10: تسليم وسيم تميمي مشغول 18 // 70.51 غ | G10: 46168 | I10: 258 | J10: =J9+H10-I10 -> -1813 | K10: تسليم محمد عيساوي مشغول 18
A11: 46167 | B11: 26.08 | D11: =D10+B11-C11 -> 505.57 | E11: مستلم من ناتو مشغول 18 | G11: 46177 | I11: 598 | J11: =J10+H11-I11 -> -2411 | K11: فاتورة 002803 محمد سعيفان
A12: 46168 | B12: 38.97 | D12: =D11+B12-C12 -> 544.54 | E12: مشغول 18 // 38.97 غ | G12: 46177 | I12: 117 | J12: =J11+H12-I12 -> -2528 | K12: فاتورة 002804 محمد سعيفان
A13: 46168 | C13: 42.75 | D13: =D12+B13-C13 -> 501.79 | E13: تسليم احمد كنجو مشغول 18 | G13: 46177 | I13: 643 | J13: =J12+H13-I13 -> -3171 | K13: فاتورة 002805 محمد عمار
A14: 46168 | B14: 31.31 | D14: =D13+B14-C14 -> 533.1 | E14: مستلم من ناتو مشغول 18 | G14: 46182 | I14: 193 | J14: =J13+H14-I14 -> -3364 | K14: تسليم مازن بلاك // 38.53 //
A15: 46168 | C15: 42.9 | D15: =D14+B15-C15 -> 490.2 | E15: تسليم محمد عيساوي مشغول 18 | G15: 46182 | H15: 108 | J15: =J14+H15-I15 -> -3256 | K15: مستلم محابس من عيسى
A16: 46176 | B16: 162.3 | D16: =D15+B16-C16 -> 652.5 | E16: مستلم من ناتو مشغول 18 | G16: 46182 | H16: 430 | J16: =J15+H16-I16 -> -2826 | K16: مستلم محابس من عيسى
A17: 46176 | B17: 22.64 | D17: =D16+B17-C17 -> 675.14 | E17: مستلم من ناتو مشغول 18 | G17: 46182 | H17: 150 | J17: =J16+H17-I17 -> -2676 | K17: مستلم سنسال فورسا
A18: 46176 | B18: 13.92 | D18: =D17+B18-C18 -> 689.06 | E18: كادر ليرة | G18: 46182 | H18: 52 | J18: =J17+H18-I18 -> -2624 | K18: مستلم سنسال فورسا
A19: 46177 | C19: 14.89 | D19: =D18+B19-C19 -> 674.17 | E19: تصليح الى ناتو | G19: 46184 | I19: 680 | J19: =J18+H19-I19 -> -3304 | K19: ف 002812 // ريم كجوج
A20: 46177 | C20: 15.7 | D20: =D19+B20-C20 -> 658.47 | E20: تصليح الى ناتو | G20: 46184 | I20: 72 | J20: =J19+H20-I20 -> -3376 | K20: ف 002807 // جرادي
A21: 46177 | C21: 114.65 | D21: =D20+B21-C21 -> 543.82 | E21: فاتورة 002803 محمد سعيفان | G21: 46185 | I21: 684 | J21: =J20+H21-I21 -> -4060 | K21: ف 002808 // عيساوي
A22: 46177 | C22: 21.23 | D22: =D21+B22-C22 -> 522.59 | E22: فاتورة 002804 محمد سعيفان | G22: 46185 | I22: 528 | J22: =J21+H22-I22 -> -4588 | K22: ف 002810 // محمد عمار
A23: 46177 | C23: 122.22 | D23: =D22+B23-C23 -> 400.37 | E23: فاتورة 002805 محمد عمار | G23: 46185 | I23: 197 | J23: =J22+H23-I23 -> -4785 | K23: ف 002813 // جرادي
A24: 46178 | C24: 10.14 | D24: =D23+B24-C24 -> 390.23 | E24: تصليح الى ناتو | G24: 46185 | I24: 333 | J24: =J23+H24-I24 -> -5118 | K24: مبيع مشغول 18
A25: 46178 | B25: 5323.75 | D25: =D24+B25-C25 -> 5713.98 | E25: مستلم من اورا مشغول 18 | G25: 46188 | H25: 234 | J25: =J24+H25-I25 -> -4884 | K25: قفل
A26: 46181 | C26: 38.53 | D26: =D25+B26-C26 -> 5675.45 | E26: تسليم مازن بلاك | G26: 46189 | I26: 615 | J26: =J25+H26-I26 -> -5499 | K26: ف 002815 // اسيل
A27: 46181 | B27: 369.25 | D27: =D26+B27-C27 -> 6044.7 | E27: مستلم من ناتو مشغول 18 | G27: 46190 | I27: 1423 | J27: =J26+H27-I27 -> -6922 | K27: ف 002816 // عطولي
A28: 46182 | B28: 107.72 | D28: =D27+B28-C28 -> 6152.42 | E28: مستلم محابس من عيسى | G28: 46190 | I28: 26 | J28: =J27+H28-I28 -> -6948 | K28: ف 002818 // نبهان
A29: 46182 | B29: 26.9 | D29: =D28+B29-C29 -> 6179.32 | E29: مستلم محابس من عيسى | G29: 46196 | I29: 480 | J29: =J28+H29-I29 -> -7428 | K29: ف 002821 // جرادي
A30: 46182 | B30: 85.67 | D30: =D29+B30-C30 -> 6264.99 | E30: مستلم سنسال فورسا | G30: 46197 | I30: 131 | J30: =J29+H30-I30 -> -7559 | K30: ف 002820 // محمد عمار
A31: 46182 | B31: 29.23 | D31: =D30+B31-C31 -> 6294.22 | E31: مستلم سنسال فورسا | G31: 46198 | I31: 511 | J31: =J30+H31-I31 -> -8070 | K31: علي زهور
A32: 46183 | C32: 69.4 | D32: =D31+B32-C32 -> 6224.82 | E32: تصليح الى ناتو | G32: 46198 | H32: 125 | J32: =J31+H32-I32 -> -7945 | K32: فورسا
A33: 46183 | B33: 4.05 | D33: =D32+B33-C33 -> 6228.87 | E33: مستلم من ناتو مشغول 18 | G33: 46198 | I33: 20 | J33: =J32+H33-I33 -> -7965 | K33: مازن
A34: 46183 | B34: 57.32 | D34: =D33+B34-C34 -> 6286.19 | E34: مستلم من ناتو مشغول 18 | G34: 46202 | H34: 99 | J34: =J33+H34-I34 -> -7866 | K34: اسوارة تركيب
A35: 46183 | B35: 6.52 | D35: =D34+B35-C35 -> 6292.71 | E35: مستلم من ناتو مشغول 18 | G35: 46203 | I35: 110 | J35: =J34+H35-I35 -> -7976 | K35: اسوارة تركيب
A36: 46184 | B36: 212.64 | D36: =D35+B36-C36 -> 6505.35 | E36: مستلم من ناتو مشغول 18 | G36: 46204 | I36: 730 | J36: =J35+H36-I36 -> -8706 | K36: ف 002824 // محمد سعيفان
A37: 46184 | C37: 117.47 | D37: =D36+B37-C37 -> 6387.88 | E37: ف 002812 // ريم كجوج | G37: 46204 | I37: 20 | J37: =J36+H37-I37 -> -8726 | K37: تكبير بلاك هاني
A38: 46184 | C38: 13.09 | D38: =D37+B38-C38 -> 6374.79 | E38: ف 002807 // جرادي | G38: 46206 | I38: 1187 | J38: =J37+H38-I38 -> -9913 | K38: ف 002814 // جرادي محل
A39: 46184 | B39: 175.26 | D39: =D38+B39-C39 -> 6550.05 | E39: مستلم من ناتو مشغول 18 | G39: 46206 | I39: 2912 | J39: =J38+H39-I39 -> -12825 | K39: ف 002819 // طوني سعد
A40: 46185 | C40: 127.92 | D40: =D39+B40-C40 -> 6422.13 | E40: ف 002808 // عيساوي | G40: 46206 | I40: 5820 | J40: =J39+H40-I40 -> -18645 | K40: ف 002822 // سليم عطالله
A41: 46185 | C41: 92.6 | D41: =D40+B41-C41 -> 6329.53 | E41: ف 002810 // محمد عمار | G41: 46206 | I41: 317 | J41: =J40+H41-I41 -> -18962 | K41: ف 002826 // جرادي محل
A42: 46185 | C42: 37.55 | D42: =D41+B42-C42 -> 6291.98 | E42: ف 002813 // جرادي | G42: 46206 | I42: 555 | J42: =J41+H42-I42 -> -19517 | K42: ف 002827 // محمد عيساوي
A43: 46185 | C43: 51.19 | D43: =D42+B43-C43 -> 6240.79 | E43: مبيع مشغول 18 | G43: 46206 | H43: 637 | J43: =J42+H43-I43 -> -18880 | K43: ف 002829 // طوني سعد
A44: 46185 | C44: 1.4 | D44: =D43+B44-C44 -> 6239.39 | E44: تصليح الى ناتو | G44: 46206 | I44: 4620 | J44: =J43+H44-I44 -> -23500 | K44: ف 002830 // محمد قنديل
A45: 46185 | B45: 0.2 | D45: =D44+B45-C45 -> 6239.59 | E45: زردة حلق مازن | G45: 46209 | I45: 195 | J45: =J44+H45-I45 -> -23695 | K45: ف 002809 / 002811 // ابو اكرم
A46: 46188 | C46: 85.67 | D46: =D45+B46-C46 -> 6153.92 | E46: فورسا | G46: 46210 | I46: 45 | J46: =J45+H46-I46 -> -23740 | K46: مبيع مشغول 18
A47: 46188 | C47: 4.63 | D47: =D46+B47-C47 -> 6149.29 | E47: تصليح | G47: 46210 | I47: 310 | J47: =J46+H47-I47 -> -24050 | K47: ف 002825 // جرادي
A48: 46189 | C48: 111.95 | D48: =D47+B48-C48 -> 6037.34 | E48: ف 002815 // اسيل | G48: 46210 | I48: 520 | J48: =J47+H48-I48 -> -24570 | K48: ف 002831 // عطولي
A49: 46189 | B49: 231.64 | D49: =D48+B49-C49 -> 6268.98 | E49: مشغول 18 | G49: 46210 | I49: 813 | J49: =J48+H49-I49 -> -25383 | K49: ف 002832 // جرادي محل
A50: 46189 | C50: 233.25 | D50: =D49+B50-C50 -> 6035.73 | E50: تسليم ناتو | G50: 46210 | I50: 605 | J50: =J49+H50-I50 -> -25988 | K50: ف 002833 // جرادي
A51: 46189 | B51: 361.32 | D51: =D50+B51-C51 -> 6397.05 | E51: مشغول 18 | G51: 46210 | H51: 90 | J51: =J50+H51-I51 -> -25898
A52: 46189 | C52: 63.43 | D52: =D51+B52-C52 -> 6333.62 | E52: تسليم ناتو | G52: 46212 | I52: 485 | J52: =J51+H52-I52 -> -26383 | K52: ف 002841 // مارك
A53: 46190 | C53: 18.92 | D53: =D52+B53-C53 -> 6314.7 | E53: تسليم ناتو | G53: 46212 | I53: 176 | J53: =J52+H53-I53 -> -26559 | K53: ف 002835 // عيساوي
A54: 46190 | B54: 63.97 | D54: =D53+B54-C54 -> 6378.67 | E54: مستلم من ناتو مشغول 18 | G54: 46212 | I54: 182 | J54: =J53+H54-I54 -> -26741 | K54: ف 002838 // عيساوي
A55: 46190 | B55: 26.07 | D55: =D54+B55-C55 -> 6404.74 | E55: مستلم من ناتو مشغول 18 | G55: 46213 | I55: 65 | J55: =J54+H55-I55 -> -26806 | K55: ف 002806 // صالح
A56: 46190 | C56: 319.57 | D56: =D55+B56-C56 -> 6085.17 | E56: ف 002816 // عطولي | G56: 46213 | I56: 65 | J56: =J55+H56-I56 -> -26871 | K56: ف 002823 // محمد عمار
A57: 46190 | C57: 5.61 | D57: =D56+B57-C57 -> 6079.56 | E57: ف 002818 // نبهان | G57: 46213 | I57: 23 | J57: =J56+H57-I57 -> -26894 | K57: ف 002840 // حسن جمال الدين
A58: 46190 | B58: 255.98 | D58: =D57+B58-C58 -> 6335.54 | E58: مستلم من ناتو مشغول 18 | G58: 46216 | I58: 4150 | J58: =J57+H58-I58 -> -31044 | K58: ف 002847 // ابو اكرم
A59: 46190 | C59: 68.06 | D59: =D58+B59-C59 -> 6267.48 | E59: تسليم ناتو | G59: 46216 | I59: 703 | J59: =J58+H59-I59 -> -31747 | K59: ف 002845 // جرادي محل
A60: 46190 | B60: 4.16 | D60: =D59+B60-C60 -> 6271.64 | E60: مستلم من ناتو مشغول 18 بيد مازن | G60: 46218 | I60: 79 | J60: =J59+H60-I60 -> -31826 | K60: ف 002849 // نور حسون
A61: 46190 | B61: 91.1 | D61: =D60+B61-C61 -> 6362.74 | E61: مستلم من ناتو مشغول 18 | G61: 46218 | I61: 230 | J61: =J60+H61-I61 -> -32056 | K61: ف 002848 // حسن اسماعيل
A62: 46190 | C62: 91.24 | D62: =D61+B62-C62 -> 6271.5 | E62: تسليم ناتو | G62: 46220 | I62: 3816 | J62: =J61+H62-I62 -> -35872 | K62: ف 002836 // سليم عطالله
A63: 46190 | B63: 89.33 | D63: =D62+B63-C63 -> 6360.83 | E63: مستلم من ناتو مشغول 18 | G63: 46220 | I63: 1029 | J63: =J62+H63-I63 -> -36901 | K63: ف 002837 // طوني سعد
A64: 46196 | B64: 1.73 | D64: =D63+B64-C64 -> 6362.56 | E64: مستلم من ناتو مشغول 18 | G64: 46220 | I64: 85 | J64: =J63+H64-I64 -> -36986 | K64: ف 002839 // الزاوية
A65: 46196 | B65: 449.74 | D65: =D64+B65-C65 -> 6812.3 | E65: مستلم من ناتو مشغول 18 | G65: 46220 | H65: 718 | J65: =J64+H65-I65 -> -36268 | K65: ف 002844 // سليم عطالله
A66: 46196 | C66: 151.73 | D66: =D65+B66-C66 -> 6660.57 | E66: تسليم ناتو | G66: 46220 | H66: 679 | J66: =J65+H66-I66 -> -35589 | K66: ف 002850 // سليم عطالله
A67: 46196 | B67: 143.29 | D67: =D66+B67-C67 -> 6803.86 | G67: 46220 | I67: 954 | J67: =J66+H67-I67 -> -36543 | K67: ف 002846 // محمد سعيفان
A68: 46196 | C68: 82.63 | D68: =D67+B68-C68 -> 6721.23 | E68: ف 002821 // جرادي | G68: 46220 | H68: 224 | J68: =J67+H68-I68 -> -36319 | K68: ف 002901 // طوني سعد
A69: 46197 | C69: 23.83 | D69: =D68+B69-C69 -> 6697.4 | E69: ف 002820 // محمد عمار | G69: 46220 | H69: 2266 | J69: =J68+H69-I69 -> -34053 | K69: ف 002902 // ابو اكرم
A70: 46198 | C70: 159.42 | D70: =D69+B70-C70 -> 6537.98 | E70: علي زهور | G70: 46220 | I70: 1298 | J70: =J69+H70-I70 -> -35351 | K70: ف 002903 // محمد قنديل
A71: 46198 | B71: 70.95 | D71: =D70+B71-C71 -> 6608.93 | E71: فورسا | G71: 46220 | I71: 2952 | J71: =J70+H71-I71 -> -38303 | K71: ف 002905 // توفيق عطولي
A72: 46198 | B72: 325.16 | D72: =D71+B72-C72 -> 6934.09 | E72: مستلم من ناتو مشغول 18 | G72: 46220 | I72: 835 | J72: =J71+H72-I72 -> -39138 | K72: ف 002906 // تيما
A73: 46198 | C73: 9.88 | D73: =D72+B73-C73 -> 6924.21 | E73: اسوارة تركيب | G73: 46223 | I73: 1460 | J73: =J72+H73-I73 -> -40598 | K73: ف 002908 // محمد طالب
A74: 46198 | C74: 6.21 | D74: =D73+B74-C74 -> 6918 | E74: مازن | G74: 46223 | I74: 365 | J74: =J73+H74-I74 -> -40963 | K74: ف 002909 // محمد عمار
A75: 46202 | B75: 9.88 | D75: =D74+B75-C75 -> 6927.88 | E75: اسوارة تركيب | G75: 46226 | I75: 4085 | J75: =J74+H75-I75 -> -45048 | K75: ف 002910 // محمد قنديل
A76: 46203 | C76: 8.75 | D76: =D75+B76-C76 -> 6919.13 | E76: اسوارة تركيب | G76: 46226 | H76: 354 | J76: =J75+H76-I76 -> -44694 | K76: ف 002910 // محمد قنديل
A77: 46204 | C77: 123.21 | D77: =D76+B77-C77 -> 6795.92 | E77: ف 002824 // محمد سعيفان | G77: 46226 | I77: 779 | J77: =J76+H77-I77 -> -45473 | K77: ف 002912 // محمد قنديل
A78: 46204 | B78: 0.57 | D78: =D77+B78-C78 -> 6796.49 | G78: 46226 | I78: 469 | J78: =J77+H78-I78 -> -45942 | K78: ف 002913 // علي زهور
A79: 46204 | C79: 3.83 | D79: =D78+B79-C79 -> 6792.66 | E79: تكبير بلاك هاني | G79: 46226 | H79: 203 | J79: =J78+H79-I79 -> -45739 | K79: ف 002914 // جرادي محل
A80: 46205 | B80: 8.91 | D80: =D79+B80-C80 -> 6801.57 | E80: اسوارة تركيب | G80: 46226 | I80: 978 | J80: =J79+H80-I80 -> -46717 | K80: ف 002914 // جرادي محل
A81: 46205 | B81: 3.83 | D81: =D80+B81-C81 -> 6805.4 | G81: 46226 | I81: 363 | J81: =J80+H81-I81 -> -47080 | K81: ف 002915 // ابو اكرم
A82: 46205 | B82: 50.18 | D82: =D81+B82-C82 -> 6855.58 | E82: اساور لمحمد | G82: 46230 | I82: 809 | J82: =J81+H82-I82 -> -47889 | K82: ف 002916 // طوني سعد
A83: 46205 | B83: 275.66 | D83: =D82+B83-C83 -> 7131.24 | E83: مستلم من ناتو مشغول 18 | G83: 46230 | I83: 28 | J83: =J82+H83-I83 -> -47917 | K83: ف 002919 // محمد عمار
A84: 46205 | B84: 2.13 | D84: =D83+B84-C84 -> 7133.37 | E84: مستلم من ناتو مشغول 18 | G84: 46230 | I84: 1033 | J84: =J83+H84-I84 -> -48950 | K84: ف 002920 // محمد قنديل
A85: 46206 | C85: 215.78 | D85: =D84+B85-C85 -> 6917.59 | E85: ف 002814 // جرادي محل | G85: 46230 | I85: 1445 | J85: =J84+H85-I85 -> -50395 | K85: ف 002921 // حسين شرف
A86: 46206 | C86: =503.85+25.69 -> 529.54 | D86: =D85+B86-C86 -> 6388.05 | E86: ف 002819 // طوني سعد | G86: 46230 | I86: 1885 | J86: =J85+H86-I86 -> -52280 | K86: ف 002922 // توفيق عطولي
A87: 46206 | C87: =1044.41+3.91 -> 1048.32 | D87: =D86+B87-C87 -> 5339.73 | E87: ف 002822 // سليم عطالله | G87: 46231 | I87: 15 | J87: =J86+H87-I87 -> -52295
A88: 46206 | C88: 57.65 | D88: =D87+B88-C88 -> 5282.08 | E88: ف 002826 // جرادي محل | G88: 46231 | I88: 312 | J88: =J87+H88-I88 -> -52607 | K88: ف 002923 // محمد قنديل
A89: 46206 | C89: 92.4 | D89: =D88+B89-C89 -> 5189.68 | E89: ف 002827 // محمد عيساوي | G89: 46231 | I89: 450 | J89: =J88+H89-I89 -> -53057 | K89: ف 002924 // محمد ميسي
A90: 46206 | B90: 130.5 | D90: =D89+B90-C90 -> 5320.18 | E90: ف 002828 // سليم عطالله | G90: 46231 | I90: 645 | J90: =J89+H90-I90 -> -53702 | K90: ف 002926 // ابو العبد
A91: 46206 | B91: 115.75 | D91: =D90+B91-C91 -> 5435.93 | E91: ف 002829 // طوني سعد | G91: 46231 | I91: 55 | J91: =J90+H91-I91 -> -53757 | K91: ف 002927 // مصطفى ميسي
A92: 46206 | B92: 202.62 | D92: =D91+B92-C92 -> 5638.55 | E92: مستلم من ناتو مشغول 18 | G92: 46231 | I92: 400 | J92: =J91+H92-I92 -> -54157 | K92: ف 002928 // توفيق عطولي
A93: 46206 | C93: 96.77 | D93: =D92+B93-C93 -> 5541.78 | E93: فورسا | G93: 46232 | H93: 386 | J93: =J92+H93-I93 -> -53771 | K93: مستلم قفل
A94: 46206 | C94: 3.6 | D94: =D93+B94-C94 -> 5538.18 | E94: خاتم | G94: 46232 | I94: 210 | J94: =J93+H94-I94 -> -53981 | K94: مازن
A95: 46206 | B95: 4.23 | D95: =D94+B95-C95 -> 5542.41 | E95: خاتم | G95: 46233 | I95: 1959 | J95: =J94+H95-I95 -> -55940 | K95: ف 002930 // قنديل
A96: 46206 | B96: 135.26 | D96: =D95+B96-C96 -> 5677.67 | E96: مستلم من ناتو مشغول 18 | G96: 46233 | I96: 211 | J96: =J95+H96-I96 -> -56151 | K96: ف 002931 // يوسف مرعي
A97: 46206 | B97: 4.35 | D97: =D96+B97-C97 -> 5682.02 | E97: مستلم من ناتو مشغول 18 | G97: 46233 | I97: 970 | J97: =J96+H97-I97 -> -57121 | K97: ف 002932 // حسين شرف
A98: 46206 | C98: =50.18+1114.24 -> 1164.42 | D98: =D97+B98-C98 -> 4517.6 | E98: ف 002830 // محمد قنديل | G98: 46233 | I98: 700 | J98: =J97+H98-I98 -> -57821 | K98: ف 002933 // قنديل
A99: 46209 | C99: 13.8 | D99: =D98+B99-C99 -> 4503.8 | E99: تصليح | G99: 46233 | H99: 485 | J99: =J98+H99-I99 -> -57336 | K99: ف 002934 // طوني سعد
A100: 46209 | C100: 30 | D100: =D99+B100-C100 -> 4473.8 | E100: قفل | G100: 46234 | I100: 75 | J100: =J99+H100-I100 -> -57411 | K100: مازن
A101: 46209 | C101: 33.83 | D101: =D100+B101-C101 -> 4439.97 | E101: موناكو | G101: 46238 | I101: 735 | J101: =J100+H101-I101 -> -58146 | K101: ف 002935 // سليم عطالله
...

Sheet مشغول 21 (2)
A1: ذهب مشغول 21
A2: دهب 995 | D2: =A1 -> ذهب مشغول 21 | G2: حساب دولار $ | J2: =A1 -> ذهب مشغول 21
A3: من تاريخ :
A4: إلى تاريخ : | G4: إلى تاريخ :
A5: التاريخ | B5: مدفوع له | C5: مستلم منه | D5: الرصيد | E5: البيان | G5: التاريخ | H5: مدفوع له | I5: مستلم منه | J5: الرصيد | K5: البيان
A6: 46178 | B6: 389.45 | D6: =B6-C6 -> 389.45 | E6: مستلم من اورا مشغول 21 | G6: 46226 | I6: 230 | J6: =H6-I6 -> -230 | K6: ف 002918 // نور حسون
A7: 46225 | B7: 355.74 | D7: =D6+B7-C7 -> 745.19 | E7: محابس | G7: 46230 | I7: 1334 | J7: =J6+H7-I7 -> -1564 | K7: ف 002920 // محمد قنديل
A8: 46226 | C8: 70.77 | D8: =D7+B8-C8 -> 674.42 | E8: ف 002918 // نور حسون | G8: 46234 | I8: 25 | J8: =J7+H8-I8 -> -1589 | K8: مبيع
A9: 46230 | C9: 355.74 | D9: =D8+B9-C9 -> 318.68 | E9: ف 002920 // محمد قنديل | J9: =J8+H9-I9 -> -1589
A10: 46234 | C10: 14.57 | D10: =D9+B10-C10 -> 304.11 | E10: مبيع | J10: =J9+H10-I10 -> -1589
A11: 46247 | C11: 223.76 | D11: =D10+B11-C11 -> 80.35 | E11: تعديل جردة | J11: =J10+H11-I11 -> -1589
A12: 46268 | B12: 64 | D12: =D11+B12-C12 -> 144.35 | E12: 8 ليرات | J12: =J11+H12-I12 -> -1589
A13: 46286 | C13: 24 | D13: =D12+B13-C13 -> 120.35 | E13: مبيع 3 ليرات | J13: =J12+H13-I13 -> -1589
D14: =D13+B14-C14 -> 120.35 | J14: =J13+H14-I14 -> -1589
D15: =D14+B15-C15 -> 120.35 | J15: =J14+H15-I15 -> -1589
D16: =D15+B16-C16 -> 120.35 | J16: =J15+H16-I16 -> -1589
D17: =D16+B17-C17 -> 120.35 | J17: =J16+H17-I17 -> -1589
D18: =D17+B18-C18 -> 120.35 | J18: =J17+H18-I18 -> -1589
D19: =D18+B19-C19 -> 120.35 | J19: =J18+H19-I19 -> -1589
D20: =D19+B20-C20 -> 120.35 | J20: =J19+H20-I20 -> -1589
D21: =D20+B21-C21 -> 120.35 | J21: =J20+H21-I21 -> -1589
D22: =D21+B22-C22 -> 120.35 | J22: =J21+H22-I22 -> -1589
D23: =D22+B23-C23 -> 120.35 | J23: =J22+H23-I23 -> -1589
D24: =D23+B24-C24 -> 120.35 | J24: =J23+H24-I24 -> -1589
D25: =D24+B25-C25 -> 120.35 | J25: =J24+H25-I25 -> -1589
... D60: =D59+B60-C60 -> 120.35 | J60: =J59+H60-I60 -> -1589
D61: =D60+B61-C61 -> 120.35 | J61: =J60+H61-I61 -> -1589 | N61: =748.35+1511.57 -> 2259.92
D62: =D61+B62-C62 -> 120.35 | J62: =J61+H62-I62 -> -1589
D63: =D62+B63-C63 -> 120.35 | J63: =J62+H63-I63 -> -1589
D64: =D63+B64-C64 -> 120.35 | J64: =J63+H64-I64 -> -1589
D65: =D64+B65-C65 -> 120.35 | J65: =J64+H65-I65 -> -1589
D66: =D65+B66-C66 -> 120.35 | J66: =J65+H66-I66 -> -1589
D67: =D66+B67-C67 -> 120.35 | J67: =J66+H67-I67 -> -1589
D68: =D67+B68-C68 -> 120.35 | J68: =J67+H68-I68 -> -1589
D69: =D68+B69-C69 -> 120.35 | J69: =J68+H69-I69 -> -1589
D70: =D69+B70-C70 -> 120.35 | J70: =J69+H70-I70 -> -1589
D71: =D70+B71-C71 -> 120.35 | J71: =J70+H71-I71 -> -1589
D72: =D71+B72-C72 -> 120.35 | J72: =J71+H72-I72 -> -1589
D73: =D72+B73-C73 -> 120.35 | J73: =J72+H73-I73 -> -1589
... D87: =D86+B87-C87 -> 120.35 | J87: =J86+H87-I87 -> -1589
D88: =D87+B88-C88 -> 120.35 | F88: مطابق | J88: =J87+H88-I88 -> -1589
D89: =D88+B89-C89 -> 120.35 | J89: =J88+H89-I89 -> -1589
D90: =D89+B90-C90 -> 120.35 | J90: =J89+H90-I90 -> -1589
D91: =D90+B91-C91 -> 120.35 | J91: =J90+H91-I91 -> -1589
D92: =D91+B92-C92 -> 120.35 | J92: =J91+H92-I92 -> -1589
D93: =D92+B93-C93 -> 120.35 | J93: =J92+H93-I93 -> -1589
D94: =D93+B94-C94 -> 120.35 | J94: =J93+H94-I94 -> -1589
D95: =D94+B95-C95 -> 120.35 | J95: =J94+H95-I95 -> -1589
D96: =D95+B96-C96 -> 120.35 | J96: =J95+H96-I96 -> -1589
D97: =D96+B97-C97 -> 120.35 | J97: =J96+H97-I97 -> -1589
D98: =D97+B98-C98 -> 120.35 | J98: =J97+H98-I98 -> -1589
D99: =D98+B99-C99 -> 120.35 | J99: =J98+H99-I99 -> -1589
D100: =D99+B100-C100 -> 120.35 | J100: =J99+H100-I100 -> -1589
... D567: =D566+B567-C567 -> 120.35 | J567: =J566+H567-I567 -> -1589
D568: =D567+B568-C568 -> 120.35 | G568: المجموع | H568: =SUM(H6:H567) -> 0 | I568: =SUM(I6:I567) -> 1589 | J568: =H568-I568 -> -1589
D569: =D568+B569-C569 -> 120.35 | G569: الرصيد | H569: =H568-I568 -> -1589
D570: =D569+B570-C570 -> 120.35
D571: =D570+B571-C571 -> 120.35
D572: =D571+B572-C572 -> 120.35
D573: =D572+B573-C573 -> 120.35
D574: =D573+B574-C574 -> 120.35
D575: =D574+B575-C575 -> 120.35
D576: =D575+B576-C576 -> 120.35
D577: =D576+B577-C577 -> 120.35
D578: =D577+B578-C578 -> 120.35
D579: =D578+B579-C579 -> 120.35
D580: =D579+B580-C580 -> 120.35
D581: =D580+B581-C581 -> 120.35
... D765: =D764+B765-C765 -> 120.35
A766: المجموع | B766: =SUM(B6:B765) -> 809.19 | C766: =SUM(C6:C765) -> 688.84 | D766: =B766-C766 -> 120.35
A767: الرصيد | B767: =B766-C766 -> 120.35
C769: =B767*873/995 -> 105.59352 | D769: = | E769: عيار 995

Sheet كسر 18
A1: كسر 18
A2: دهب 995 | D2: =A1 -> كسر 18
A3: من تاريخ :
A4: إلى تاريخ :
A5: التاريخ | B5: مستلم | C5: مدفوع | D5: الرصيد | E5: البيان
A6: 46164 | B6: 32.96 | D6: =B6-C6 -> 32.96
A7: 46177 | B7: 116.78 | D7: =D6+B7-C7 -> 149.74 | E7: ف 002803 محمد سعيفان
A8: 46177 | B8: 13.82 | D8: =D7+B8-C8 -> 163.56 | E8: ف 002804 محمد سعيفان
A9: 46178 | B9: 407.58 | D9: =D8+B9-C9 -> 571.14 | E9: مستلم من اورا كسر 18
A10: 46183 | C10: 1.24 | D10: =D9+B10-C10 -> 569.9 | E10: قفل
A11: 46184 | B11: 13.32 | D11: =D10+B11-C11 -> 583.22 | E11: ف 002807 // جرادي
A12: 46190 | B12: 4.85 | D12: =D11+B12-C12 -> 588.07 | E12: ف 002818 // نبهان
A13: 46190 | B13: 50.5 | D13: =D12+B13-C13 -> 638.57 | E13: تبديل جرادي
A14: 46190 | B14: 31.9 | D14: =D13+B14-C14 -> 670.47 | E14: شراء
A15: 46196 | B15: 29.17 | D15: =D14+B15-C15 -> 699.64 | E15: ف 002821 // جرادي
A16: 46197 | B16: 4 | D16: =D15+B16-C16 -> 703.64 | E16: شراء
A17: 46204 | B17: 1.17 | D17: =D16+B17-C17 -> 704.81 | E17: تكبير بلاك هاني
A18: 46206 | B18: =55.94+16.13 -> 72.07 | D18: =D17+B18-C18 -> 776.88 | E18: ف 002826 // جرادي محل
A19: 46206 | B19: 279.85 | D19: =D18+B19-C19 -> 1056.73 | E19: ف 002828 // سليم عطالله
A20: 46206 | C20: 6 | D20: =D19+B20-C20 -> 1050.73 | E20: قفل
A21: 46210 | C21: 103.18 | D21: =D20+B21-C21 -> 947.55 | E21: ف 002831 // عطولي
A22: 46210 | B22: 49.3 | D22: =D21+B22-C22 -> 996.85 | E22: ف 002832 // جرادي محل
A23: 46210 | B23: 130.62 | D23: =D22+B23-C23 -> 1127.47 | E23: ف 002833 // جرادي
A24: 46211 | B24: =206.5+3.89 -> 210.39 | D24: =D23+B24-C24 -> 1337.86 | E24: ف 002834 // سليم عطالله
A25: 46211 | C25: 1303 | D25: =D24+B25-C25 -> 34.86 | E25: صب
A26: 46220 | B26: 15.02 | D26: =D25+B26-C26 -> 49.88 | E26: مجوهرات صالح
A27: 46220 | B27: =31.63+24.56 -> 56.19 | D27: =D26+B27-C27 -> 106.07 | E27: ف 002846 // محمد سعيفان
A28: 46220 | B28: 12.56 | D28: =D27+B28-C28 -> 118.63 | E28: ف 002906 // تيما
A29: 46223 | B29: 158.6 | D29: =D28+B29-C29 -> 277.23 | E29: ف 002911 // سليم عطالله
A30: 46226 | B30: 6.76 | D30: =D29+B30-C30 -> 283.99 | E30: ف 002914 // جرادي محل
A31: 46226 | B31: 23.78 | D31: =D30+B31-C31 -> 307.77 | E31: ف 002918 // نور حسون
A32: 46231 | B32: 51.02 | D32: =D31+B32-C32 -> 358.79 | E32: ف 002926 // ابو العبد
A33: 46232 | B33: 0.78 | D33: =D32+B33-C33 -> 359.57
A34: 46233 | B34: 11.7 | D34: =D33+B34-C34 -> 371.27
A35: 46234 | B35: 25.19 | D35: =D34+B35-C35 -> 396.46 | E35: ف 002935 // سليم عطالله
A36: 46238 | B36: 29.81 | D36: =D35+B36-C36 -> 426.27 | E36: هلا محسن
B37: 326.37 | D37: =D36+B37-C37 -> 752.64 | E37: ف 002949 // علي زهور
B38: 89.03 | D38: =D37+B38-C38 -> 841.67 | E38: ف 002950 // جرادي
B39: 43.6 | D39: =D38+B39-C39 -> 885.27 | E39: ف 002851 // سليم عطالله
A40: 46245 | B40: 41.21 | D40: =D39+B40-C40 -> 926.48 | E40: ف 002852 // تيما
A41: 46245 | B41: 12.42 | D41: =D40+B41-C41 -> 938.9 | E41: ف 002859 // محمد قنديل
A42: 46246 | B42: 63.1 | D42: =D41+B42-C42 -> 1002 | E42: ف 002864 // تيما
A43: 46246 | B43: 26 | D43: =D42+B43-C43 -> 1028 | E43: ف 002866 // حسن السلطان
A44: 46246 | B44: 52.07 | D44: =D43+B44-C44 -> 1080.07 | E44: ف 002868 // يوسف مرعي
A45: 46246 | B45: 129.73 | D45: =D44+B45-C45 -> 1209.8 | E45: ف 002871 // جرادي محل
A46: 46246 | B46: 18.65 | D46: =D45+B46-C46 -> 1228.45 | E46: تبديل جرادي على رملي
A47: 46246 | B47: 36.8 | D47: =D46+B47-C47 -> 1265.25 | E47: شراء
A48: 46247 | B48: 153.28 | D48: =D47+B48-C48 -> 1418.53 | E48: ف 002873 // سليم عطالله
A49: 46247 | C49: 0.31 | D49: =D48+B49-C49 -> 1418.22 | E49: بيع
A50: 46247 | C50: 586.2 | D50: =D49+B50-C50 -> 832.02 | E50: تعديل جردة
A51: 46248 | B51: 13.76 | D51: =D50+B51-C51 -> 845.78 | E51: ف 002882 // نور عطوي
A52: 46252 | B52: 58.65 | D52: =D51+B52-C52 -> 904.43 | E52: ف 4428 // تيما
A53: 46252 | B53: 0.54 | D53: =D52+B53-C53 -> 904.97 | E53: ف 4429 // منال مازن
A54: 46253 | B54: 14.29 | D54: =D53+B54-C54 -> 919.26 | E54: تبديل على رملي
A55: 46253 | C55: 221.31 | D55: =D54+B55-C55 -> 697.95 | E55: قفل مدور
A56: 46254 | B56: 85.75 | D56: =D55+B56-C56 -> 783.7 | E56: ف 4435 // تيما
A57: 46255 | B57: 1.35 | D57: =D56+B57-C57 -> 785.05 | E57: قفل
A58: 46255 | C58: 0.45 | D58: =D57+B58-C58 -> 784.6 | E58: ف 4432 // جرادي
A59: 46255 | B59: 41.3 | D59: =D58+B59-C59 -> 825.9 | E59: ف 4438 // محمد قنديل
A60: 46259 | B60: 5.62 | D60: =D59+B60-C60 -> 831.52 | E60: شراء
A61: 46260 | C61: 735.18 | D61: =D60+B61-C61 -> 96.34 | E61: للصب
A62: 46261 | B62: 19.4 | D62: =D61+B62-C62 -> 115.74 | E62: ف 4453 // طوني سعد
A63: 46267 | B63: 0.71 | D63: =D62+B63-C63 -> 116.45 | E63: شراء
A64: 46268 | B64: 28.85 | D64: =D63+B64-C64 -> 145.3 | E64: ف 0003 // برو غولد
A65: 46268 | B65: 40.1 | D65: =D64+B65-C65 -> 185.4 | E65: تيما
A66: 46269 | B66: 78.54 | D66: =D65+B66-C66 -> 263.94 | E66: جرادي
A67: 46274 | B67: 49.86 | D67: =D66+B67-C67 -> 313.8 | E67: ف 0020 // محمد ديبة
A68: 46274 | B68: 111.5 | D68: =D67+B68-C68 -> 425.3 | E68: ف 0021 // برو غولد
A69: 46275 | B69: 32.55 | D69: =D68+B69-C69 -> 457.85 | E69: مبيع مشغول 18
A70: 46276 | C70: 494.36 | D70: =D69+B70-C70 -> -36.51 | E70: صب
